{"type":"FeatureCollection","generated_at":"2026-08-17T07:28:08Z","source":"משרד התחבורה — מאגר נתיבי טיסה","source_url":"https://data.gov.il/dataset/cvfr","note":"הומר מ-Israel TM Grid ל-WGS84. ללא פישוט גיאומטריה.","features":[{"type":"Feature","geometry":{"type":"Polygon","coordinates":[[[35.5412792,32.8676872],[35.5539966,32.7248512],[35.6643268,32.7655588],[35.7126654,32.7913763],[35.7127595,32.7914258],[35.7129914,32.7915418],[35.7132275,32.7916516],[35.7134676,32.791755],[35.7137115,32.791852],[35.7139588,32.7919424],[35.7142095,32.7920262],[35.7144631,32.7921033],[35.7147195,32.7921735],[35.7149783,32.7922369],[35.7152395,32.7922934],[35.7155026,32.7923429],[35.7157674,32.7923853],[35.7160336,32.7924206],[35.7163011,32.7924488],[35.7165695,32.7924699],[35.7168385,32.7924838],[35.7171079,32.7924906],[35.7173775,32.7924901],[35.7176469,32.7924825],[35.7179158,32.7924676],[35.7181841,32.7924456],[35.7184514,32.7924165],[35.7187175,32.7923803],[35.7189821,32.7923369],[35.719245,32.7922866],[35.7195058,32.7922292],[35.7197644,32.7921649],[35.7200204,32.7920938],[35.7202737,32.7920159],[35.7205239,32.7919312],[35.7207708,32.79184],[35.7210142,32.7917422],[35.7212538,32.7916379],[35.7214894,32.7915273],[35.7217208,32.7914105],[35.7219476,32.7912876],[35.7221698,32.7911587],[35.722387,32.7910239],[35.7225991,32.7908834],[35.7228058,32.7907373],[35.723007,32.7905858],[35.7232024,32.790429],[35.7233918,32.790267],[35.7235751,32.7901001],[35.7237521,32.7899284],[35.7239225,32.789752],[35.7240863,32.7895712],[35.7242432,32.7893861],[35.7243932,32.7891969],[35.7245359,32.7890038],[35.7246714,32.788807],[35.7247995,32.7886067],[35.7249201,32.7884031],[35.7250329,32.7881964],[35.725138,32.7879867],[35.7252352,32.7877744],[35.7253244,32.7875595],[35.7254055,32.7873424],[35.7254785,32.7871233],[35.7255432,32.7869023],[35.7255997,32.7866797],[35.7256478,32.7864557],[35.7256875,32.7862305],[35.7257188,32.7860044],[35.7257416,32.7857775],[35.7257559,32.7855502],[35.7257617,32.7853226],[35.725759,32.7850949],[35.7257478,32.7848675],[35.7257281,32.7846404],[35.7257,32.784414],[35.7256634,32.7841884],[35.7256183,32.783964],[35.7255649,32.7837408],[35.7255032,32.7835192],[35.7254333,32.7832993],[35.7253551,32.7830815],[35.7252689,32.7828658],[35.7251747,32.7826525],[35.7250725,32.7824418],[35.7249625,32.782234],[35.7248448,32.7820292],[35.7247194,32.7818276],[35.7245867,32.7816295],[35.7244466,32.781435],[35.7242992,32.7812444],[35.7241449,32.7810578],[35.7239836,32.7808754],[35.7238156,32.7806974],[35.7236411,32.7805239],[35.7234601,32.7803552],[35.723273,32.7801914],[35.7230798,32.7800327],[35.7228807,32.7798792],[35.7226761,32.7797311],[35.722466,32.7795885],[35.7222506,32.7794516],[35.7220303,32.7793205],[35.7218052,32.7791953],[35.7217849,32.7791845],[35.6728983,32.753075],[35.672689,32.7529667],[35.6724551,32.7528537],[35.6722171,32.752747],[35.6719752,32.7526467],[35.6717466,32.752559],[35.5542722,32.7092116],[35.5521326,32.5973866],[35.5521274,32.5972259],[35.552118,32.5970654],[35.5521044,32.5969051],[35.5351904,32.424326],[35.5374342,32.3856173],[35.5511466,32.3269684],[35.5511928,32.3267538],[35.5512228,32.3265895],[35.5574934,32.2894848],[35.5575033,32.2894239],[35.5575349,32.2891978],[35.5575581,32.288971],[35.5575729,32.2887436],[35.5575792,32.288516],[35.5575794,32.2884458],[35.5574023,32.2126858],[35.5573999,32.2125283],[35.5573893,32.2123007],[35.5573702,32.2120736],[35.5573428,32.2118471],[35.5573069,32.2116215],[35.5572627,32.2113969],[35.5572101,32.2111736],[35.5571493,32.2109519],[35.5570803,32.2107318],[35.5570032,32.2105138],[35.5569202,32.2103034],[35.5405015,32.1706631],[35.5404993,32.1706577],[35.5404562,32.1705563],[35.4997649,32.0768812],[35.499715,32.0767691],[35.4996143,32.0765581],[35.4995057,32.07635],[35.4993895,32.0761449],[35.4992658,32.075943],[35.4991346,32.0757446],[35.4989962,32.0755497],[35.4988506,32.0753587],[35.498698,32.0751717],[35.4985385,32.0749889],[35.4984909,32.0749367],[35.4715169,32.0455626],[35.4709774,31.913222],[35.5179341,31.8947268],[35.5181218,31.8946504],[35.5183594,31.8945466],[35.518593,31.8944365],[35.5188225,31.8943201],[35.5190475,31.8941977],[35.5192678,31.8940692],[35.5194834,31.8939348],[35.5196938,31.8937947],[35.5198989,31.8936491],[35.5200986,31.8934979],[35.5202925,31.8933415],[35.5204806,31.8931799],[35.5206626,31.8930133],[35.5208383,31.8928419],[35.5210076,31.8926659],[35.5211704,31.8924854],[35.5213263,31.8923006],[35.5214753,31.8921117],[35.5216173,31.8919188],[35.5217521,31.8917223],[35.5218795,31.8915222],[35.5219995,31.8913188],[35.5221118,31.8911122],[35.5222165,31.8909027],[35.5223134,31.8906906],[35.5224023,31.8904759],[35.5224833,31.8902589],[35.5225562,31.8900398],[35.522621,31.8898189],[35.5226775,31.8895964],[35.5227139,31.8894316],[35.5349326,31.8302673],[35.5349445,31.830208],[35.5349844,31.8299829],[35.535016,31.8297568],[35.5350392,31.8295299],[35.5350541,31.8293025],[35.5350605,31.8290749],[35.5350585,31.8288472],[35.535048,31.8286196],[35.5350292,31.8283925],[35.5350019,31.828166],[35.5349663,31.8279403],[35.5349224,31.8277157],[35.5348702,31.8274924],[35.5348098,31.8272706],[35.5347412,31.8270505],[35.5346645,31.8268324],[35.5345797,31.8266165],[35.5344871,31.826403],[35.5343865,31.826192],[35.5342783,31.8259839],[35.5341624,31.8257788],[35.5340389,31.825577],[35.5339081,31.8253785],[35.53377,31.8251837],[35.5337126,31.8251067],[35.5038181,31.7855031],[35.5037303,31.7853891],[35.5035782,31.7852021],[35.5034192,31.7850192],[35.5032536,31.7848408],[35.5030815,31.7846669],[35.502903,31.7844977],[35.5027184,31.7843334],[35.5025278,31.7841742],[35.5023314,31.7840202],[35.5021294,31.7838716],[35.501922,31.7837285],[35.5017095,31.7835911],[35.5014919,31.7834594],[35.5012696,31.7833337],[35.5010428,31.7832141],[35.5008117,31.7831006],[35.5005764,31.7829934],[35.5003374,31.7828926],[35.5000947,31.7827983],[35.4998487,31.7827106],[35.4995995,31.7826296],[35.4993475,31.7825553],[35.4990929,31.7824879],[35.4988359,31.7824273],[35.4985768,31.7823737],[35.4983158,31.7823272],[35.4980533,31.7822877],[35.4977894,31.7822553],[35.4975244,31.78223],[35.4972587,31.7822119],[35.4969924,31.7822009],[35.4967258,31.7821972],[35.496641,31.7821975],[35.4660777,31.7824373],[35.471905,31.7458995],[35.4719369,31.7456724],[35.4719602,31.7454456],[35.4719752,31.7452182],[35.4719818,31.7449906],[35.4719799,31.7447628],[35.4719697,31.7445353],[35.471951,31.7443081],[35.471924,31.7440816],[35.4718886,31.7438559],[35.4718449,31.7436312],[35.4717929,31.7434079],[35.4717327,31.743186],[35.4716643,31.7429659],[35.4715878,31.7427478],[35.4715033,31.7425318],[35.4714109,31.7423182],[35.4713512,31.7421904],[35.4577537,31.7138384],[35.4108938,31.5575923],[35.4073476,31.4614162],[35.4073397,31.4612578],[35.4073213,31.4610306],[35.4072946,31.460804],[35.4072595,31.4605783],[35.4072161,31.4603536],[35.4071645,31.4601302],[35.4071046,31.4599083],[35.4070366,31.4596881],[35.4069606,31.4594699],[35.4068765,31.4592538],[35.4067846,31.4590402],[35.4066848,31.4588291],[35.4065773,31.4586208],[35.4064622,31.4584156],[35.4064564,31.4584057],[35.3889488,31.4285172],[35.396718,31.3296955],[35.3967209,31.329655],[35.396733,31.3294681],[35.3967398,31.3292404],[35.3967383,31.3290127],[35.3967283,31.3287851],[35.39671,31.3285579],[35.3966833,31.3283313],[35.3966483,31.3281055],[35.396605,31.3278808],[35.3965535,31.3276574],[35.3965257,31.3275525],[35.3964944,31.3274354],[35.3767666,31.2537521],[35.380884,31.1511366],[35.3808858,31.151085],[35.3808908,31.1509089],[35.3808893,31.1506812],[35.3808794,31.1504536],[35.3808612,31.1502263],[35.3808346,31.1499997],[35.3807997,31.149774],[35.3807566,31.1495492],[35.3807053,31.1493258],[35.3806457,31.1491039],[35.3805781,31.1488837],[35.3805024,31.1486654],[35.3804485,31.148525],[35.380419,31.1484493],[35.3171593,30.9872831],[35.244514,30.7716153],[35.1948775,30.5584521],[35.1948761,30.558446],[35.1796772,30.4758413],[35.1796504,30.4757041],[35.1796,30.4754805],[35.1795414,30.4752585],[35.1794748,30.4750381],[35.1794002,30.4748196],[35.1793176,30.4746034],[35.1792272,30.4743894],[35.1791291,30.4741781],[35.1790233,30.4739695],[35.17891,30.4737639],[35.1787892,30.4735616],[35.1786611,30.4733626],[35.1786567,30.473356],[35.1602524,30.4458576],[35.1598308,30.4003317],[35.1798437,30.356382],[35.1798925,30.3562723],[35.179981,30.3560578],[35.1800617,30.355841],[35.1801345,30.3556221],[35.1801993,30.3554013],[35.180256,30.3551789],[35.1803046,30.354955],[35.180345,30.3547299],[35.1803772,30.3545038],[35.1804011,30.354277],[35.1804168,30.3540496],[35.1804242,30.3538219],[35.1804233,30.3535941],[35.1804141,30.3533664],[35.1803966,30.3531391],[35.1803708,30.3529124],[35.1803368,30.3526865],[35.1802947,30.3524616],[35.1802443,30.3522381],[35.1801858,30.352016],[35.1801193,30.3517956],[35.1800448,30.3515771],[35.1799624,30.3513608],[35.1798721,30.3511469],[35.1797741,30.3509355],[35.1796685,30.350727],[35.1795553,30.3505214],[35.1794347,30.350319],[35.1793068,30.35012],[35.1791717,30.3499247],[35.1790701,30.3497864],[35.1424773,30.3011783],[35.1416337,30.0823178],[35.1416333,30.0822015],[35.1416324,30.0820899],[35.1416234,30.0818623],[35.1416061,30.0816349],[35.1415805,30.0814082],[35.1415468,30.0811823],[35.1415048,30.0809574],[35.1414547,30.0807338],[35.1413965,30.0805116],[35.1413303,30.0802912],[35.1412561,30.0800727],[35.1411741,30.0798564],[35.1410842,30.0796424],[35.1409866,30.079431],[35.1408813,30.0792223],[35.1407686,30.0790167],[35.1406542,30.0788239],[35.1406484,30.0788143],[35.0837053,29.9860494],[35.0836995,29.9860398],[35.0835723,29.9858407],[35.0834379,29.9856452],[35.0832965,29.9854535],[35.0831483,29.9852658],[35.0829933,29.9850822],[35.0828463,29.9849189],[35.0828317,29.984903],[35.0767508,29.9783347],[35.0713525,29.9642487],[35.0687181,29.9532642],[35.0673752,29.941352],[35.0694064,29.9297371],[35.0696446,29.9292669],[35.0697197,29.9291138],[35.0698159,29.928902],[35.0699044,29.9286876],[35.069985,29.9284708],[35.0700578,29.928252],[35.0701226,29.9280313],[35.0701794,29.9278089],[35.0702281,29.927585],[35.0702686,29.9273599],[35.070301,29.9271339],[35.0703102,29.9270555],[35.0715265,29.9162063],[35.072961,29.9109752],[35.0752812,29.902513],[35.0753379,29.9022908],[35.0753866,29.9020669],[35.0754271,29.9018419],[35.0754594,29.9016158],[35.0754836,29.9013889],[35.0754995,29.9011615],[35.0755072,29.9009338],[35.0755066,29.9007059],[35.0754977,29.9004782],[35.0754806,29.9002509],[35.0754553,29.9000241],[35.0754218,29.8997982],[35.0753801,29.8995732],[35.0753302,29.8993496],[35.0752723,29.8991274],[35.0752064,29.8989069],[35.0751325,29.8986884],[35.0750508,29.898472],[35.0749612,29.8982579],[35.0748639,29.8980464],[35.074759,29.8978377],[35.0746467,29.897632],[35.0745269,29.8974295],[35.0744391,29.8972912],[35.0744,29.8972303],[35.0708358,29.8917238],[35.0698203,29.8901548],[35.0697449,29.8899924],[35.0697289,29.8899593],[35.0696263,29.8897489],[35.0695375,29.8895733],[35.0695242,29.8895481],[35.0694143,29.8893405],[35.0693152,29.88916],[35.0693052,29.8891425],[35.0691881,29.888938],[35.0690783,29.8887529],[35.0690722,29.888743],[35.068948,29.8885416],[35.0688262,29.8883511],[35.0686941,29.8881518],[35.0685648,29.8879633],[35.0684268,29.8877689],[35.0684237,29.8877645],[35.068291,29.887584],[35.0681462,29.8873933],[35.0681377,29.8873821],[35.068004,29.887212],[35.0678526,29.8870253],[35.0678383,29.8870076],[35.0677042,29.8868479],[35.0675464,29.8866652],[35.0675257,29.8866414],[35.0673917,29.8864918],[35.067366,29.8864638],[35.0667665,29.8857357],[35.0666332,29.8855783],[35.0664718,29.885399],[35.066304,29.8852243],[35.0661299,29.8850543],[35.0660734,29.8850013],[35.0633488,29.882474],[35.0632253,29.8823618],[35.0630393,29.8822017],[35.0628476,29.8820468],[35.0626504,29.8818972],[35.0624478,29.8817531],[35.0622402,29.8816147],[35.0620276,29.8814821],[35.0618103,29.8813553],[35.0615886,29.8812346],[35.0613626,29.8811201],[35.0611325,29.8810118],[35.0608987,29.88091],[35.0607394,29.8808451],[35.0607165,29.880836],[35.06041,29.8806709],[35.0603297,29.8806281],[35.0601099,29.8805166],[35.0581336,29.8795491],[35.0581274,29.8795461],[35.0580388,29.8795034],[35.0551707,29.878142],[35.0509764,29.8760918],[35.0479489,29.8726703],[35.0357922,29.8458443],[35.0368669,29.8319472],[35.036872,29.8318773],[35.0368827,29.8317198],[35.0368904,29.831492],[35.0368899,29.8312642],[35.0368812,29.8310365],[35.0368642,29.8308091],[35.036839,29.8305823],[35.0368056,29.8303564],[35.036764,29.8301314],[35.0367143,29.8299077],[35.0366934,29.829826],[35.0366574,29.8296854],[35.0053165,29.7065767],[35.0052955,29.706495],[35.005292,29.7064814],[35.0052592,29.7063544],[34.9669481,29.5567619],[34.9669143,29.5566351],[34.9668489,29.5564145],[34.9667755,29.5561959],[34.9666943,29.5559794],[34.9666053,29.5557652],[34.9665087,29.5555536],[34.9664044,29.5553448],[34.9662926,29.5551389],[34.9661735,29.5549363],[34.9660471,29.554737],[34.9659136,29.5545413],[34.9657731,29.5543494],[34.9656257,29.5541615],[34.9654716,29.5539778],[34.965311,29.5537983],[34.965144,29.5536234],[34.9649707,29.5534532],[34.9647913,29.5532879],[34.9646061,29.5531276],[34.9644152,29.5529725],[34.9642188,29.5528227],[34.9640171,29.5526785],[34.9638103,29.5525399],[34.9635986,29.552407],[34.9633821,29.5522801],[34.9631612,29.5521592],[34.9629361,29.5520444],[34.9627069,29.5519359],[34.9624739,29.5518338],[34.9622374,29.5517382],[34.9619975,29.5516492],[34.9617545,29.5515668],[34.9615087,29.5514912],[34.9612603,29.5514224],[34.9610095,29.5513605],[34.9607566,29.5513055],[34.9605018,29.5512576],[34.9602454,29.5512167],[34.9599877,29.5511829],[34.9597289,29.5511562],[34.9594692,29.5511367],[34.959209,29.5511244],[34.9589485,29.5511192],[34.9586879,29.5511213],[34.9584275,29.5511305],[34.9581676,29.5511469],[34.9579084,29.5511705],[34.9576502,29.5512012],[34.9573932,29.5512391],[34.9571377,29.551284],[34.956884,29.5513359],[34.9566322,29.5513948],[34.9563827,29.5514607],[34.9561357,29.5515334],[34.9558915,29.5516128],[34.9556503,29.551699],[34.9554122,29.5517918],[34.9551777,29.5518911],[34.9549468,29.5519968],[34.9547199,29.5521089],[34.9544972,29.5522271],[34.9542788,29.5523515],[34.954065,29.5524818],[34.953856,29.552618],[34.9536521,29.5527598],[34.9534534,29.5529072],[34.9532601,29.55306],[34.9530724,29.5532181],[34.9528905,29.5533813],[34.9527146,29.5535494],[34.9525448,29.5537223],[34.9523814,29.5538998],[34.9522245,29.5540817],[34.9520742,29.5542679],[34.9519307,29.5544581],[34.9517941,29.5546521],[34.9516646,29.5548499],[34.9515424,29.5550511],[34.9514274,29.5552556],[34.9513199,29.5554632],[34.9512199,29.5556736],[34.9511276,29.5558867],[34.951043,29.5561022],[34.9509663,29.55632],[34.9508974,29.5565397],[34.9508366,29.5567613],[34.9507837,29.5569844],[34.9507389,29.5572089],[34.9507023,29.5574345],[34.9506738,29.557661],[34.9506535,29.5578881],[34.9506415,29.5581157],[34.9506376,29.5583436],[34.950642,29.5585714],[34.9506546,29.558799],[34.9506754,29.5590261],[34.9507044,29.5592526],[34.9507416,29.5594781],[34.9507869,29.5597025],[34.9508362,29.5599097],[34.9882322,29.7060219],[34.9040875,29.7883762],[34.9040709,29.7883926],[34.9039007,29.7885654],[34.9037368,29.7887429],[34.9035794,29.7889247],[34.9034287,29.7891108],[34.9032848,29.789301],[34.9031479,29.789495],[34.903018,29.7896927],[34.9028954,29.7898939],[34.9027801,29.7900984],[34.9026723,29.7903059],[34.902572,29.7905163],[34.9024794,29.7907294],[34.9023945,29.7909449],[34.9023175,29.7911626],[34.9022484,29.7913824],[34.9021873,29.7916039],[34.9021343,29.791827],[34.9020893,29.7920515],[34.9020525,29.792277],[34.9020239,29.7925035],[34.9020035,29.7927307],[34.9019913,29.7929583],[34.9019874,29.7931861],[34.9019917,29.793414],[34.9020042,29.7936415],[34.902025,29.7938687],[34.902054,29.7940951],[34.9020912,29.7943207],[34.9021293,29.7945121],[34.9326537,29.9361453],[34.9326941,29.9363363],[34.9327009,29.9363694],[34.9327545,29.9365924],[34.9328161,29.9368138],[34.9328858,29.9370334],[34.9329633,29.937251],[34.9330487,29.9374664],[34.9331419,29.9376793],[34.9332427,29.9378895],[34.9333512,29.9380969],[34.933467,29.9383012],[34.9335903,29.9385022],[34.9336359,29.9385717],[34.9337202,29.9386999],[35.0061528,30.0494146],[35.0061423,30.175836],[35.0061447,30.1760082],[35.0061517,30.1761802],[35.0114092,30.2717571],[35.0004275,30.2753253],[35.0002231,30.2753944],[35.0000208,30.2754682],[34.9998208,30.2755466],[34.9996232,30.2756295],[34.9803555,30.2839906],[34.9803271,30.2840029],[34.9800947,30.2841088],[34.9798662,30.2842209],[34.9796419,30.2843393],[34.979422,30.2844638],[34.9792067,30.2845942],[34.9789963,30.2847304],[34.9787909,30.2848724],[34.9785909,30.2850198],[34.9783962,30.2851728],[34.9782073,30.2853309],[34.9780242,30.2854942],[34.9778471,30.2856624],[34.9776762,30.2858353],[34.9775117,30.2860129],[34.9773589,30.2861887],[34.9567176,30.3107034],[34.9567124,30.3107096],[34.9565611,30.3108958],[34.9564166,30.311086],[34.9562791,30.3112801],[34.9561487,30.3114779],[34.9560256,30.3116791],[34.9559099,30.3118836],[34.9558017,30.3120912],[34.955701,30.3123017],[34.9556081,30.3125148],[34.955523,30.3127303],[34.9554458,30.312948],[34.9553765,30.3131678],[34.9553153,30.3133894],[34.9552621,30.3136125],[34.9552171,30.3138369],[34.9551803,30.3140625],[34.9551518,30.314289],[34.9551506,30.3142998],[34.9355287,30.4990102],[34.8026269,30.6551888],[34.6642009,30.7671173],[34.5698187,30.7485496],[34.5697874,30.7485301],[34.5695688,30.7484027],[34.5693456,30.7482812],[34.569118,30.7481659],[34.5688864,30.7480568],[34.5686509,30.7479541],[34.5684118,30.7478579],[34.5681692,30.7477683],[34.5679235,30.7476853],[34.5676749,30.7476091],[34.5674237,30.7475396],[34.56717,30.7474771],[34.5669142,30.7474215],[34.5666564,30.7473729],[34.566397,30.7473313],[34.5661362,30.7472969],[34.5658743,30.7472696],[34.5656116,30.7472494],[34.5653482,30.7472364],[34.5650845,30.7472306],[34.5648207,30.747232],[34.564557,30.7472405],[34.5642939,30.7472563],[34.5640314,30.7472792],[34.5637699,30.7473093],[34.5635096,30.7473465],[34.5632508,30.7473907],[34.5629938,30.747442],[34.5627388,30.7475003],[34.562486,30.7475655],[34.5622357,30.7476376],[34.5619882,30.7477164],[34.5617437,30.747802],[34.5615024,30.7478942],[34.5612647,30.7479929],[34.5610306,30.748098],[34.5609343,30.7481437],[34.4662161,30.7936962],[34.4660822,30.7937619],[34.4658561,30.7938794],[34.4656344,30.7940031],[34.4654173,30.7941327],[34.465205,30.7942682],[34.4649979,30.7944093],[34.464796,30.7945561],[34.4645995,30.7947083],[34.4644087,30.7948658],[34.4642238,30.7950284],[34.4640449,30.7951959],[34.4638723,30.7953682],[34.463706,30.7955452],[34.4635462,30.7957266],[34.4633932,30.7959123],[34.4632471,30.796102],[34.4631079,30.7962956],[34.4629759,30.7964929],[34.4628512,30.7966938],[34.4627339,30.7968979],[34.4626241,30.7971051],[34.462522,30.7973152],[34.4624275,30.797528],[34.462341,30.7977432],[34.4622623,30.7979607],[34.4621916,30.7981803],[34.462129,30.7984016],[34.4620745,30.7986246],[34.4620282,30.7988489],[34.4619901,30.7990744],[34.4619602,30.7993008],[34.4619387,30.7995279],[34.4619255,30.7997555],[34.4619206,30.7999833],[34.4619226,30.8001157],[34.4360162,30.8558478],[34.3528837,30.9907819],[34.3528394,30.9908545],[34.3527217,30.9910586],[34.3526114,30.9912657],[34.3525089,30.9914757],[34.352414,30.9916884],[34.352327,30.9919036],[34.3522479,30.9921211],[34.3522328,30.9921657],[34.2847169,31.1929953],[34.2846608,31.1931701],[34.2845975,31.1933914],[34.2845424,31.1936143],[34.2844955,31.1938386],[34.2844569,31.194064],[34.2844266,31.1942903],[34.2844046,31.1945174],[34.2843909,31.194745],[34.2843856,31.1949728],[34.2843887,31.1952006],[34.2844002,31.1954283],[34.28442,31.1956555],[34.2844481,31.1958821],[34.2844845,31.1961078],[34.2845292,31.1963324],[34.2845822,31.1965556],[34.2846433,31.1967774],[34.2847125,31.1969973],[34.2847898,31.1972153],[34.284875,31.197431],[34.2849681,31.1976444],[34.285069,31.1978551],[34.2851776,31.1980629],[34.2852938,31.1982678],[34.2854174,31.1984693],[34.2855484,31.1986674],[34.2856866,31.1988619],[34.2858318,31.1990525],[34.285984,31.199239],[34.286143,31.1994214],[34.2863086,31.1995993],[34.2864806,31.1997727],[34.2866589,31.1999413],[34.2868433,31.2001049],[34.2870337,31.2002635],[34.2872297,31.2004169],[34.2874313,31.2005648],[34.2876383,31.2007072],[34.2878504,31.2008439],[34.2880673,31.2009748],[34.288289,31.2010998],[34.2885152,31.2012186],[34.2887456,31.2013313],[34.28898,31.2014377],[34.2892182,31.2015376],[34.28946,31.201631],[34.2897051,31.2017179],[34.2899533,31.201798],[34.2902042,31.2018713],[34.2904578,31.2019378],[34.29058,31.2019672],[34.3303533,31.211248],[34.3964251,31.2614748],[34.425275,31.2979483],[34.4254281,31.2981353],[34.4255875,31.2983174],[34.4257535,31.2984952],[34.425926,31.2986683],[34.4261047,31.2988367],[34.4262896,31.2990002],[34.4264803,31.2991585],[34.4266768,31.2993116],[34.4268789,31.2994594],[34.4270862,31.2996015],[34.4272987,31.299738],[34.4275161,31.2998686],[34.4277382,31.2999933],[34.4279647,31.3001119],[34.4281956,31.3002243],[34.4284304,31.3003304],[34.428669,31.3004301],[34.4289112,31.3005232],[34.4291566,31.3006098],[34.4294052,31.3006896],[34.4296565,31.3007627],[34.4299104,31.3008289],[34.4301666,31.3008882],[34.4304249,31.3009405],[34.4306849,31.3009858],[34.4308463,31.3010103],[34.528192,31.3148763],[34.5282585,31.3148859],[34.6093136,31.3280194],[34.5908581,31.4280409],[34.5908229,31.4282513],[34.5907932,31.4284777],[34.5907719,31.4287048],[34.590759,31.4289324],[34.5907545,31.4291602],[34.5907583,31.429388],[34.5907706,31.4296156],[34.5907872,31.4298052],[34.5924242,31.4456769],[34.5861492,31.456953],[34.5861428,31.4569646],[34.5860326,31.457172],[34.5859301,31.4573822],[34.5858353,31.457595],[34.5857485,31.4578103],[34.5856696,31.4580279],[34.5855988,31.4582475],[34.5855361,31.4584689],[34.5854816,31.4586919],[34.5854353,31.4589162],[34.5853973,31.4591417],[34.5853676,31.4593681],[34.5853463,31.4595952],[34.585345,31.4596131],[34.5826306,31.4970742],[34.5784188,31.502842],[34.5783268,31.502971],[34.5781941,31.5031685],[34.5780688,31.5033694],[34.5779509,31.5035736],[34.5778407,31.5037809],[34.5777381,31.5039911],[34.5776433,31.504204],[34.5775564,31.5044193],[34.5774775,31.5046369],[34.5774066,31.5048564],[34.5773438,31.5050778],[34.5772893,31.5053008],[34.577243,31.5055252],[34.577205,31.5057507],[34.5771753,31.5059771],[34.5771539,31.5062042],[34.577141,31.5064317],[34.5771364,31.5066595],[34.5771402,31.5068873],[34.5771524,31.5071149],[34.577173,31.507342],[34.577202,31.5075685],[34.5772393,31.5077941],[34.5772849,31.5080185],[34.5773387,31.5082417],[34.5774007,31.5084632],[34.5774709,31.508683],[34.5775491,31.5089007],[34.5776353,31.5091162],[34.5777294,31.5093293],[34.5778313,31.5095397],[34.5779409,31.5097473],[34.5780581,31.5099518],[34.5781828,31.5101531],[34.5783148,31.5103508],[34.5784541,31.5105449],[34.5786004,31.5107351],[34.5787537,31.5109213],[34.5789138,31.5111032],[34.5790805,31.5112808],[34.5792205,31.5114215],[34.6009013,31.5326402],[34.6018099,31.590768],[34.5326973,31.6617632],[34.532689,31.6617718],[34.5325297,31.6619402],[34.5323687,31.6621217],[34.5322145,31.6623075],[34.5320672,31.6624973],[34.531927,31.662691],[34.531794,31.6628884],[34.5316684,31.6630893],[34.5315981,31.6632101],[34.53155,31.6632934],[34.4488104,31.8070942],[34.448763,31.8071778],[34.4486521,31.807385],[34.4485489,31.8075951],[34.4484535,31.8078079],[34.4483661,31.8080231],[34.4482866,31.8082406],[34.4482152,31.8084601],[34.448152,31.8086815],[34.448097,31.8089044],[34.4480503,31.8091287],[34.4480118,31.8093541],[34.4479818,31.8095805],[34.4479601,31.8098076],[34.4479468,31.8100351],[34.4479419,31.8102629],[34.4479429,31.8103943],[34.4498778,31.9151169],[34.4498781,31.9151293],[34.4520904,32.0226297],[34.4520927,32.0227138],[34.4521048,32.0229414],[34.4521252,32.0231685],[34.4521541,32.023395],[34.4521913,32.0236206],[34.4522369,32.0238451],[34.4522908,32.0240683],[34.4523529,32.0242898],[34.4524232,32.0245096],[34.4525017,32.0247274],[34.4525881,32.024943],[34.4526825,32.0251562],[34.4527847,32.0253667],[34.4528947,32.0255744],[34.4530124,32.0257789],[34.4531375,32.0259803],[34.4532701,32.0261781],[34.4534099,32.0263723],[34.4535569,32.0265627],[34.4536564,32.0266845],[34.6177159,32.2226834],[34.617817,32.2228044],[34.6178712,32.2228691],[34.6180326,32.2230509],[34.6182007,32.2232283],[34.6183754,32.2234011],[34.6185563,32.2235691],[34.6187434,32.2237322],[34.6189365,32.2238902],[34.6191353,32.2240429],[34.6193397,32.2241902],[34.6195495,32.224332],[34.6197644,32.224468],[34.6198092,32.2244948],[34.6199835,32.2245992],[34.747869,32.3017221],[34.7480447,32.3018251],[34.7482697,32.3019491],[34.7484991,32.302067],[34.7487329,32.3021787],[34.7489707,32.3022841],[34.7491242,32.3023479],[34.8299064,32.3350348],[34.8575397,32.4329847],[34.8575646,32.4330723],[34.8575821,32.433133],[34.8576032,32.433206],[34.8767002,32.4982641],[34.8767434,32.4984122],[34.8767647,32.4984852],[34.8768364,32.4987047],[34.8769163,32.4989222],[34.8770043,32.4991374],[34.8771002,32.4993502],[34.877204,32.4995603],[34.8773155,32.4997675],[34.8774348,32.4999716],[34.8775299,32.5001229],[34.8775614,32.5001725],[34.9383993,32.5946079],[34.9488216,32.6292234],[34.9618664,32.712463],[34.9300338,32.7495724],[34.9300261,32.7495816],[34.9298787,32.7497587],[34.9297306,32.749949],[34.9295897,32.7501432],[34.9294562,32.750341],[34.92933,32.7505423],[34.9292115,32.7507468],[34.9291007,32.7509544],[34.9289976,32.7511649],[34.9289025,32.751378],[34.9288154,32.7515935],[34.9287364,32.7518113],[34.9286656,32.752031],[34.928603,32.7522525],[34.9285487,32.7524756],[34.9285028,32.7527],[34.9284653,32.7529256],[34.9284362,32.753152],[34.9284156,32.7533791],[34.9284035,32.7536066],[34.9283999,32.7538343],[34.9284048,32.7540621],[34.9284182,32.7542895],[34.9284401,32.7545165],[34.9284687,32.7547306],[34.9284705,32.7547428],[34.9347856,32.7965057],[34.9341427,32.8254784],[34.9341412,32.8256316],[34.9341462,32.8258593],[34.9341596,32.8260868],[34.9341816,32.8263138],[34.934212,32.8265401],[34.9342509,32.8267655],[34.9342981,32.8269897],[34.9343538,32.8272126],[34.9344177,32.8274338],[34.9344899,32.8276533],[34.9345703,32.8278707],[34.9346587,32.8280858],[34.9347551,32.8282985],[34.9348595,32.8285085],[34.9349716,32.8287157],[34.9350915,32.8289197],[34.9352189,32.8291205],[34.9353537,32.8293177],[34.9354959,32.8295113],[34.9356452,32.8297009],[34.9358016,32.8298865],[34.9359648,32.8300679],[34.9361347,32.8302448],[34.9363111,32.8304171],[34.9363536,32.8304569],[34.9542425,32.8471211],[34.954383,32.8472487],[34.954572,32.8474112],[34.954767,32.8475686],[34.9549678,32.8477207],[34.9551742,32.8478674],[34.955386,32.8480085],[34.955603,32.8481439],[34.9558249,32.8482734],[34.9560515,32.848397],[34.9562827,32.8485145],[34.9565181,32.8486257],[34.9567576,32.8487306],[34.9570008,32.8488291],[34.9572477,32.8489211],[34.9574979,32.8490064],[34.9577511,32.849085],[34.9580071,32.8491569],[34.9582657,32.8492218],[34.9585266,32.8492799],[34.9587896,32.8493309],[34.9590543,32.849375],[34.9593205,32.8494119],[34.959588,32.8494418],[34.9598565,32.8494645],[34.9601257,32.84948],[34.9603953,32.8494884],[34.9606651,32.8494895],[34.9609348,32.8494835],[34.9611448,32.8494738],[34.978378,32.8484985],[35.0871451,32.9216252],[35.0815596,32.9505086],[35.0815492,32.950564],[35.081512,32.9507896],[35.0814833,32.951016],[35.081463,32.9512431],[35.0814513,32.9514706],[35.0814481,32.9516983],[35.0814535,32.951926],[35.0814673,32.9521534],[35.0814897,32.9523804],[35.0814914,32.9523948],[35.0848221,32.9801729],[35.0848513,32.9803847],[35.0848906,32.98061],[35.0849384,32.9808342],[35.0849945,32.9810569],[35.085059,32.9812781],[35.0851317,32.9814974],[35.0852125,32.9817147],[35.0853015,32.9819298],[35.0853985,32.9821423],[35.0855034,32.9823522],[35.0856161,32.9825592],[35.0857365,32.982763],[35.0858645,32.9829636],[35.0859999,32.9831607],[35.0861427,32.983354],[35.0862926,32.9835435],[35.0864495,32.9837289],[35.0866133,32.98391],[35.0867838,32.9840866],[35.0869609,32.9842587],[35.0871443,32.9844259],[35.0873339,32.9845882],[35.0875294,32.9847453],[35.0877308,32.9848972],[35.0879377,32.9850437],[35.08815,32.9851845],[35.0883675,32.9853197],[35.0885899,32.9854489],[35.0888171,32.9855722],[35.0890488,32.9856894],[35.0892848,32.9858004],[35.0895248,32.9859051],[35.0897686,32.9860033],[35.0900159,32.9860949],[35.0902666,32.98618],[35.0905203,32.9862583],[35.0907768,32.9863298],[35.0910359,32.9863945],[35.0912973,32.9864523],[35.0915607,32.986503],[35.0918259,32.9865468],[35.0920926,32.9865834],[35.0923605,32.986613],[35.0926294,32.9866354],[35.092899,32.9866506],[35.0931691,32.9866586],[35.0934393,32.9866595],[35.0937094,32.9866532],[35.0939791,32.9866397],[35.0942482,32.986619],[35.0945164,32.9865911],[35.0947834,32.9865562],[35.095049,32.9865142],[35.0953129,32.9864651],[35.0955748,32.986409],[35.0958344,32.986346],[35.0960916,32.9862761],[35.096346,32.9861994],[35.0965974,32.9861159],[35.0968456,32.9860258],[35.0970903,32.9859292],[35.0973312,32.9858261],[35.0975682,32.9857166],[35.0978009,32.9856009],[35.0980292,32.985479],[35.0982528,32.9853512],[35.0984714,32.9852174],[35.098685,32.9850779],[35.0988933,32.9849328],[35.099096,32.9847822],[35.0992929,32.9846263],[35.099484,32.9844653],[35.0996689,32.9842992],[35.0998474,32.9841283],[35.1000195,32.9839527],[35.1001849,32.9837727],[35.1003435,32.9835883],[35.1004952,32.9833998],[35.1006396,32.9832073],[35.1007768,32.9830112],[35.1009066,32.9828114],[35.1010288,32.9826083],[35.1011434,32.9824021],[35.1012502,32.9821929],[35.1013491,32.981981],[35.10144,32.9817665],[35.1015228,32.9815497],[35.1015975,32.9813309],[35.1016639,32.9811101],[35.101722,32.9808877],[35.1017718,32.9806639],[35.1018132,32.9804389],[35.1018461,32.9802128],[35.1018705,32.979986],[35.1018864,32.9797587],[35.1018938,32.9795311],[35.1018927,32.9793033],[35.101883,32.9790757],[35.1018648,32.9788485],[35.1018509,32.9787207],[35.0986286,32.9518901],[35.1037695,32.9252796],[35.1819121,32.9191283],[35.1820321,32.9191181],[35.1823,32.9190901],[35.1825668,32.919055],[35.1828321,32.9190128],[35.1830957,32.9189635],[35.1833573,32.9189073],[35.1836167,32.9188441],[35.1838736,32.918774],[35.1841278,32.9186971],[35.1843789,32.9186135],[35.1846268,32.9185233],[35.1848712,32.9184265],[35.1851118,32.9183232],[35.1853485,32.9182136],[35.1855809,32.9180977],[35.1858089,32.9179757],[35.1860322,32.9178477],[35.1862506,32.9177138],[35.1864638,32.9175742],[35.1866718,32.9174289],[35.1868742,32.9172782],[35.1870708,32.9171222],[35.1872616,32.916961],[35.1874461,32.9167948],[35.1876244,32.9166238],[35.1877962,32.9164481],[35.1879613,32.9162679],[35.1881196,32.9160835],[35.1882709,32.9158949],[35.1884151,32.9157023],[35.188552,32.9155061],[35.1886815,32.9153062],[35.1888035,32.9151031],[35.1889177,32.9148967],[35.1890242,32.9146875],[35.1891228,32.9144755],[35.1892135,32.914261],[35.189296,32.9140442],[35.1893704,32.9138253],[35.1894366,32.9136045],[35.1894945,32.9133821],[35.189544,32.9131582],[35.1895851,32.9129331],[35.1896178,32.9127071],[35.189642,32.9124803],[35.1896575,32.9122566],[35.1910606,32.8846667],[35.1910679,32.8844373],[35.1910666,32.8842095],[35.1910567,32.883982],[35.1910383,32.8837548],[35.1910115,32.8835282],[35.1909761,32.8833024],[35.1909324,32.8830777],[35.1908802,32.8828543],[35.1908197,32.8826323],[35.190751,32.8824121],[35.190674,32.8821939],[35.190589,32.8819778],[35.1904958,32.881764],[35.1903948,32.8815529],[35.1903595,32.8814834],[35.1674767,32.8370493],[35.2593551,32.8678191],[35.2594499,32.8678502],[35.2597034,32.8679282],[35.2599597,32.8679994],[35.2602185,32.8680637],[35.2604797,32.8681211],[35.2607428,32.8681716],[35.2610077,32.8682149],[35.2612741,32.8682513],[35.2615417,32.8682804],[35.2618102,32.8683025],[35.2620795,32.8683174],[35.2623492,32.8683251],[35.262619,32.8683256],[35.2628887,32.8683189],[35.2630242,32.8683128],[35.4112394,32.8605847],[35.5279149,32.8766786],[35.5582616,32.908261],[35.56229,32.9808957],[35.5623027,32.9810752],[35.5623263,32.981302],[35.5623584,32.9815281],[35.5623989,32.9817532],[35.5624479,32.9819771],[35.5625052,32.9821996],[35.5625708,32.9824205],[35.5626447,32.9826395],[35.5627267,32.9828564],[35.5628168,32.983071],[35.5629149,32.9832832],[35.5630209,32.9834926],[35.5631347,32.9836991],[35.5632562,32.9839024],[35.5633852,32.9841024],[35.5635217,32.9842989],[35.5636654,32.9844917],[35.5638163,32.9846805],[35.5639742,32.9848653],[35.5640986,32.9850026],[35.6210917,33.0463237],[35.6293342,33.1445491],[35.5888277,33.2082689],[35.5887233,33.2084384],[35.5886058,33.2086435],[35.588496,33.2088517],[35.5883942,33.2090626],[35.5883002,33.2092761],[35.5882144,33.2094921],[35.5881367,33.2097101],[35.5880672,33.2099302],[35.588006,33.210152],[35.5879532,33.2103753],[35.5879088,33.2105999],[35.5878729,33.2108255],[35.5878454,33.211052],[35.5878265,33.2112791],[35.5878161,33.2115066],[35.5878142,33.2117343],[35.5878209,33.2119619],[35.5878362,33.2121892],[35.58786,33.212416],[35.5878922,33.212642],[35.587933,33.2128671],[35.5879822,33.213091],[35.5880398,33.2133134],[35.5881057,33.2135342],[35.5881798,33.2137532],[35.5882622,33.2139701],[35.5883526,33.2141847],[35.5884511,33.2143968],[35.5885575,33.2146061],[35.5886716,33.2148126],[35.5887935,33.2150159],[35.588923,33.2152159],[35.5890599,33.2154123],[35.5892041,33.215605],[35.5893555,33.2157938],[35.5895139,33.2159785],[35.5896792,33.2161588],[35.5898511,33.2163347],[35.5900296,33.216506],[35.5902144,33.2166724],[35.5904054,33.2168339],[35.5906023,33.2169902],[35.590805,33.2171411],[35.5910133,33.2172867],[35.591227,33.2174266],[35.5914458,33.2175608],[35.5916695,33.2176891],[35.591898,33.2178115],[35.5921309,33.2179277],[35.592368,33.2180376],[35.5926092,33.2181412],[35.5928542,33.2182384],[35.5931027,33.218329],[35.5933544,33.218413],[35.5936092,33.2184902],[35.5938668,33.2185607],[35.5941268,33.2186242],[35.5943892,33.2186809],[35.5946535,33.2187305],[35.5949196,33.2187732],[35.5951871,33.2188087],[35.5954559,33.2188371],[35.5957255,33.2188584],[35.5959959,33.2188725],[35.5962666,33.2188794],[35.5965375,33.2188791],[35.5968082,33.2188717],[35.5970785,33.2188571],[35.5973481,33.2188353],[35.5976168,33.2188063],[35.5978842,33.2187703],[35.5981501,33.2187271],[35.5984143,33.218677],[35.5986765,33.2186198],[35.5989364,33.2185557],[35.5991938,33.2184848],[35.5994484,33.218407],[35.5996999,33.2183226],[35.5999481,33.2182315],[35.6001928,33.2181338],[35.6004337,33.2180298],[35.6006706,33.2179193],[35.6009032,33.2178027],[35.6011313,33.2176799],[35.6013546,33.2175512],[35.6015731,33.2174166],[35.6017863,33.2172762],[35.6019942,33.2171303],[35.6021965,33.2169789],[35.602393,33.2168222],[35.6025836,33.2166604],[35.6027679,33.2164936],[35.6029459,33.216322],[35.6031174,33.2161458],[35.6032821,33.2159651],[35.60344,33.2157801],[35.6035909,33.215591],[35.6037346,33.2153981],[35.603871,33.2152014],[35.6039571,33.2150692],[35.6456194,33.1495114],[35.6456621,33.1494433],[35.6457832,33.1492397],[35.6458967,33.149033],[35.6460023,33.1488234],[35.6461,33.1486111],[35.6461897,33.1483963],[35.6462713,33.1481792],[35.6463447,33.1479601],[35.6464099,33.1477391],[35.6464667,33.1475166],[35.6465152,33.1472926],[35.6465552,33.1470674],[35.6465867,33.1468413],[35.6466097,33.1466145],[35.6466243,33.1463871],[35.6466302,33.1461595],[35.6466277,33.1459319],[35.6466166,33.1457044],[35.646609,33.1456043],[35.6379881,33.0431054],[35.6379761,33.0429784],[35.637948,33.042752],[35.6379114,33.0425264],[35.6378664,33.0423019],[35.6378131,33.0420788],[35.6377514,33.0418571],[35.6376814,33.0416372],[35.6376032,33.0414193],[35.6375168,33.0412035],[35.6374225,33.0409902],[35.6373201,33.0407795],[35.63721,33.0405716],[35.6370921,33.0403667],[35.6369666,33.0401651],[35.6368335,33.0399669],[35.6366932,33.0397723],[35.6365456,33.0395816],[35.6363909,33.0393949],[35.6362293,33.0392124],[35.6361864,33.0391659],[35.5792551,32.9779238],[35.5752092,32.9052208],[35.5752052,32.9051549],[35.5751858,32.9049278],[35.575158,32.9047013],[35.5751217,32.9044757],[35.5750769,32.9042512],[35.5750238,32.904028],[35.5749624,32.9038063],[35.5748927,32.9035863],[35.5748148,32.9033683],[35.5747288,32.9031525],[35.5746347,32.9029391],[35.5745327,32.9027283],[35.5744229,32.9025204],[35.5743053,32.9023154],[35.5741802,32.9021137],[35.5740475,32.9019154],[35.5739075,32.9017208],[35.5737603,32.9015299],[35.573606,32.9013431],[35.5734448,32.9011605],[35.573309,32.9010156],[35.5412792,32.8676872]],[[35.5165239,32.8604991],[35.4147414,32.8464529],[35.2400355,32.7542042],[35.193936,32.6689372],[35.2819079,32.6126693],[35.2943595,32.6207303],[35.2945376,32.6208425],[35.2947191,32.6209507],[35.2969363,32.6222366],[35.2970396,32.6222956],[35.2971919,32.6223793],[35.2978535,32.6227341],[35.2979277,32.6227734],[35.2981586,32.6228902],[35.2983939,32.6230009],[35.2986331,32.6231051],[35.2987091,32.6231366],[35.29976,32.6235661],[35.299884,32.6236158],[35.3051581,32.6256832],[35.3100932,32.627816],[35.3108748,32.6281822],[35.3114533,32.6288144],[35.3115882,32.628958],[35.3117273,32.6290986],[35.3118706,32.6292362],[35.3120054,32.6293623],[35.3121712,32.6295131],[35.3122381,32.6295715],[35.3123787,32.6296929],[35.312501,32.6297965],[35.312621,32.6298942],[35.3127672,32.6300108],[35.3128423,32.63007],[35.3130189,32.6302037],[35.3131705,32.6303153],[35.3132996,32.6304085],[35.313431,32.6304995],[35.3135877,32.6306059],[35.3137697,32.6307261],[35.3138566,32.6307812],[35.3140182,32.6308823],[35.3141482,32.6309619],[35.3142953,32.6310484],[35.3144615,32.6311439],[35.3145362,32.6311864],[35.3147461,32.6313005],[35.3149167,32.6313904],[35.3150617,32.6314651],[35.3152085,32.6315373],[35.3153831,32.6316213],[35.3155743,32.6317106],[35.3156816,32.6317583],[35.3158601,32.6318364],[35.3159921,32.6318929],[35.3160374,32.6319111],[35.3161631,32.6320595],[35.3162287,32.6321335],[35.316319,32.632234],[35.316417,32.6323409],[35.3165855,32.6325155],[35.3166826,32.6326129],[35.3168602,32.6327856],[35.3169644,32.6328819],[35.3170662,32.6329743],[35.3172135,32.6331047],[35.3173645,32.6332319],[35.3174717,32.6333199],[35.3176364,32.6334516],[35.3177848,32.6335645],[35.317897,32.6336478],[35.3180589,32.6337651],[35.3182242,32.6338788],[35.3183412,32.6339573],[35.3184847,32.6340515],[35.3186817,32.6341743],[35.3188032,32.6342477],[35.3189781,32.6343507],[35.319156,32.6344499],[35.3192816,32.6345182],[35.3194624,32.6346136],[35.319646,32.6347053],[35.3197755,32.6347681],[35.3199929,32.6348699],[35.3201505,32.6349395],[35.3202836,32.6349967],[35.3203653,32.6350314],[35.3206083,32.6351292],[35.3208549,32.6352205],[35.3211047,32.6353051],[35.321159,32.6353224],[35.3229585,32.6358923],[35.3231571,32.6359528],[35.3231742,32.6359578],[35.3239974,32.6361973],[35.3242359,32.6362634],[35.3244822,32.6363248],[35.3247254,32.6363821],[35.3247373,32.6363849],[35.3249758,32.6364377],[35.3252209,32.6364887],[35.3252429,32.6364933],[35.3254731,32.6365378],[35.3257199,32.6365825],[35.3257522,32.6365883],[35.3259738,32.6366251],[35.3262221,32.6366634],[35.3262647,32.6366699],[35.3264775,32.6366995],[35.326727,32.6367314],[35.32678,32.636738],[35.3269835,32.6367609],[35.3272341,32.6367864],[35.3272975,32.6367926],[35.3274915,32.6368093],[35.3277429,32.6368283],[35.3278168,32.6368337],[35.3280011,32.6368446],[35.328253,32.6368572],[35.3283373,32.636861],[35.3285116,32.6368668],[35.328655,32.6368702],[35.3286802,32.636912],[35.3287402,32.6370078],[35.3294814,32.6381702],[35.3295494,32.6382748],[35.3296848,32.6384716],[35.3298275,32.6386647],[35.3299773,32.6388539],[35.3299856,32.638864],[35.3301781,32.6390982],[35.3302898,32.6392308],[35.3304885,32.6394612],[35.3305253,32.6395036],[35.3306037,32.6395917],[35.3308085,32.6398182],[35.3308938,32.639911],[35.3309271,32.6399464],[35.3311379,32.640169],[35.3312599,32.6402949],[35.3314766,32.6405134],[35.3314916,32.6405285],[35.3316019,32.640637],[35.3318244,32.6408513],[35.3318908,32.6409146],[35.3319529,32.6409724],[35.3321811,32.6411824],[35.3323021,32.6412915],[35.3323129,32.6413011],[35.3325466,32.6415067],[35.3326814,32.6416227],[35.3329205,32.6418239],[35.3329641,32.6418602],[35.3330585,32.6419373],[35.3333029,32.6421338],[35.3334037,32.6422135],[35.3334439,32.6422446],[35.3336935,32.6424364],[35.3338771,32.6425734],[35.3340653,32.642706],[35.3342579,32.6428339],[35.3344547,32.642957],[35.3360037,32.6438974],[35.33614,32.6439785],[35.3362781,32.6440572],[35.3399814,32.6461247],[35.3424656,32.6475485],[35.3426468,32.6476496],[35.342831,32.6477467],[35.3430181,32.6478398],[35.3432079,32.6479288],[35.3475694,32.6499138],[35.3517906,32.6519663],[35.3519789,32.6520552],[35.3521697,32.65214],[35.352363,32.6522207],[35.3525587,32.6522972],[35.3528591,32.6524108],[35.3530349,32.6524753],[35.3533382,32.6525832],[35.3533524,32.6525883],[35.3535157,32.6526444],[35.3538218,32.6527465],[35.3539084,32.6527749],[35.3540009,32.6528042],[35.3543096,32.6529005],[35.3544701,32.6529489],[35.3544903,32.6529548],[35.3548015,32.6530451],[35.3549834,32.653096],[35.355297,32.6531804],[35.3553506,32.6531947],[35.3554802,32.6532278],[35.3557959,32.6533063],[35.3559246,32.6533373],[35.3559805,32.6533502],[35.3562982,32.6534226],[35.3564838,32.653463],[35.3568034,32.6535293],[35.3568224,32.6535332],[35.35699,32.6535661],[35.3573112,32.6536264],[35.3574061,32.6536437],[35.3574988,32.6536597],[35.3578216,32.6537138],[35.3579932,32.653741],[35.35801,32.6537435],[35.3583341,32.6537914],[35.3585232,32.6538176],[35.3588073,32.653854],[35.3649081,32.6546891],[35.366323,32.6548957],[35.367939,32.6565796],[35.3680812,32.6567238],[35.3682277,32.6568649],[35.3689633,32.6575545],[35.369139,32.6577143],[35.3693283,32.6578762],[35.3695236,32.6580329],[35.3697246,32.6581843],[35.3699312,32.6583303],[35.3701431,32.6584707],[35.3703602,32.6586054],[35.3703753,32.6586145],[35.3705308,32.6587073],[35.3707376,32.658827],[35.3708201,32.6588728],[35.3709799,32.6589602],[35.371124,32.6590372],[35.371277,32.6591154],[35.3714409,32.6591972],[35.3715191,32.6592357],[35.3717453,32.659342],[35.371913,32.6594181],[35.3720678,32.6594865],[35.3722242,32.6595523],[35.3723954,32.6596224],[35.3725759,32.6596942],[35.3727128,32.6597457],[35.3728847,32.6598089],[35.3771311,32.6613733],[35.3785053,32.6618927],[35.3785237,32.6618996],[35.378809,32.6620068],[35.3788431,32.6620275],[35.3788791,32.6620506],[35.3789143,32.6620747],[35.3789487,32.6620996],[35.3790716,32.6621936],[35.3791909,32.6622832],[35.3858951,32.6672242],[35.3875969,32.6687156],[35.3877412,32.6688391],[35.3878891,32.6689596],[35.3880404,32.6690771],[35.3881949,32.6691915],[35.3883247,32.6692852],[35.3885002,32.6694086],[35.3886189,32.6694883],[35.3887535,32.6695771],[35.3888468,32.6696377],[35.389058,32.6697688],[35.3891972,32.6698524],[35.3893531,32.669944],[35.3895115,32.6700325],[35.3896549,32.6701108],[35.3897952,32.6701858],[35.3899784,32.6702789],[35.3901258,32.6703518],[35.3902908,32.6704312],[35.3904578,32.6705075],[35.3906089,32.6705747],[35.3907998,32.670657],[35.3909487,32.6707178],[35.3911032,32.6707792],[35.3912759,32.6708459],[35.3914503,32.6709093],[35.3916078,32.6709649],[35.3918518,32.6710473],[35.3919614,32.6710819],[35.3921218,32.6711315],[35.3922652,32.6711746],[35.3924812,32.671235],[35.3926439,32.6712785],[35.3928256,32.6713251],[35.3930084,32.6713684],[35.3931733,32.6714057],[35.3933677,32.6714476],[35.3935421,32.6714817],[35.3935666,32.6714863],[35.394461,32.6721904],[35.3952496,32.6728944],[35.3955535,32.6732732],[35.3987673,32.6780832],[35.4002303,32.6802754],[35.400362,32.6804658],[35.4005005,32.6806527],[35.4006456,32.6808359],[35.4007974,32.6810154],[35.4008819,32.6811121],[35.4010288,32.6812755],[35.4011812,32.6814352],[35.4012721,32.6815277],[35.4014298,32.6816837],[35.4015926,32.6818358],[35.4016896,32.6819238],[35.4018575,32.682072],[35.4020303,32.682216],[35.402133,32.6822992],[35.4023106,32.682439],[35.4024929,32.6825745],[35.4026011,32.6826527],[35.4027788,32.6827776],[35.4029788,32.6829103],[35.4030921,32.6829831],[35.4032873,32.6831049],[35.4034866,32.683222],[35.4036045,32.6832893],[35.4038076,32.6834016],[35.4040144,32.6835089],[35.4041367,32.6835704],[35.4043471,32.6836727],[35.4045607,32.6837699],[35.404687,32.6838254],[35.4049039,32.6839174],[35.4051237,32.6840042],[35.4052535,32.6840535],[35.4054626,32.6841302],[35.4057016,32.684211],[35.4058345,32.684254],[35.4060623,32.6843246],[35.4062924,32.6843897],[35.4064279,32.6844263],[35.4066601,32.6844858],[35.4068943,32.6845397],[35.4070321,32.6845697],[35.4072239,32.6846094],[35.4074168,32.6846453],[35.4103449,32.6870783],[35.4101585,32.6875685],[35.4101527,32.6875838],[35.4100749,32.6878018],[35.4100053,32.6880218],[35.409944,32.6882435],[35.4098909,32.6884667],[35.4098463,32.6886913],[35.40981,32.6889169],[35.4097821,32.6891434],[35.4097628,32.6893705],[35.4097519,32.689598],[35.4097495,32.6898257],[35.4097556,32.6900534],[35.4097702,32.6902807],[35.4097933,32.6905076],[35.4098249,32.6907338],[35.4098649,32.6909589],[35.4099132,32.6911829],[35.4099699,32.6914055],[35.4100349,32.6916265],[35.4101081,32.6918456],[35.4101895,32.6920627],[35.4102789,32.6922775],[35.4103763,32.6924898],[35.4104815,32.6926994],[35.4105946,32.692906],[35.4107153,32.6931096],[35.4108435,32.6933098],[35.4109792,32.6935065],[35.4111221,32.6936995],[35.4112721,32.6938886],[35.4114292,32.6940735],[35.4115931,32.6942542],[35.4117636,32.6944305],[35.4119406,32.694602],[35.412124,32.6947688],[35.4123135,32.6949306],[35.4125089,32.6950873],[35.4127101,32.6952386],[35.4129168,32.6953845],[35.4131289,32.6955249],[35.4133461,32.6956594],[35.4135682,32.6957882],[35.4137951,32.6959109],[35.413892,32.6959598],[35.5052083,32.8431932],[35.5052941,32.8433277],[35.5165239,32.8604991]],[[35.5202954,32.8364242],[35.436095,32.7007206],[35.5373312,32.7198502],[35.526135,32.8453523],[35.5202954,32.8364242]],[[35.5371306,32.7050349],[35.4272355,32.6842603],[35.4272246,32.6841715],[35.4271991,32.6839875],[35.427168,32.6838041],[35.4271313,32.6836215],[35.4270998,32.6834762],[35.427048,32.6832565],[35.4270281,32.6831802],[35.4269899,32.683038],[35.426949,32.6828925],[35.4269035,32.6827448],[35.4268584,32.682604],[35.4268347,32.6825316],[35.4267576,32.6823141],[35.4267053,32.6821748],[35.4266198,32.6819586],[35.4265904,32.681889],[35.4265314,32.681752],[35.4264674,32.681608],[35.4264023,32.6814702],[35.4263366,32.6813354],[35.4263004,32.6812622],[35.4261936,32.6810585],[35.4261201,32.6809239],[35.426002,32.6807165],[35.4259648,32.6806545],[35.425886,32.6805247],[35.4257987,32.6803849],[35.425716,32.6802589],[35.4256309,32.680132],[35.4255816,32.6800596],[35.425448,32.6798725],[35.4253566,32.6797488],[35.4252604,32.6796215],[35.425161,32.6794959],[35.4250636,32.6793756],[35.4249534,32.6792427],[35.4248557,32.6791299],[35.4247524,32.6790131],[35.4246897,32.6789431],[35.4245225,32.6787646],[35.4243487,32.6785907],[35.4241685,32.6784215],[35.4241017,32.6783615],[35.4229282,32.6773182],[35.4228085,32.677214],[35.4227257,32.6771442],[35.4188648,32.6739365],[35.4187603,32.6738424],[35.4186536,32.6737499],[35.4185148,32.6736316],[35.4183284,32.6734776],[35.4182796,32.6734387],[35.4181355,32.673325],[35.417986,32.6732098],[35.4178918,32.6731399],[35.4177426,32.673031],[35.4176329,32.6729522],[35.4174906,32.6728539],[35.4173366,32.6727499],[35.4172695,32.672705],[35.4170768,32.6725812],[35.4169182,32.6724822],[35.4167855,32.6724011],[35.416651,32.6723221],[35.416488,32.6722283],[35.4162892,32.6721174],[35.4162136,32.672077],[35.4160465,32.6719886],[35.415893,32.6719093],[35.4156596,32.6717958],[35.4154221,32.6716886],[35.4151807,32.6715878],[35.4149357,32.6714934],[35.4146873,32.6714057],[35.414478,32.6713377],[35.4137739,32.671118],[35.4137317,32.6711049],[35.413685,32.6710912],[35.4136169,32.6709892],[35.4102283,32.6659189],[35.4101111,32.6657489],[35.4099884,32.6655816],[35.4098603,32.6654173],[35.4089709,32.6643089],[35.4088427,32.6641537],[35.4086823,32.6639708],[35.4085152,32.6637923],[35.4083414,32.6636184],[35.4081613,32.6634492],[35.4081048,32.6633983],[35.4066553,32.6621045],[35.4064682,32.6619427],[35.4062752,32.6617859],[35.4044011,32.6603106],[35.4042196,32.6601603],[35.4041193,32.6600812],[35.4039976,32.6599867],[35.4038997,32.6599118],[35.4036948,32.6597624],[35.403567,32.6596722],[35.4033596,32.6595305],[35.4032509,32.6594597],[35.4031192,32.6593753],[35.4030134,32.6593086],[35.4027927,32.6591763],[35.4026554,32.6590967],[35.4024331,32.6589722],[35.402317,32.6589104],[35.4021765,32.658837],[35.4020636,32.6587791],[35.4018291,32.658665],[35.4016835,32.6585967],[35.4014483,32.6584905],[35.4013258,32.6584383],[35.4011777,32.6583765],[35.4010589,32.6583278],[35.4008127,32.658233],[35.4006601,32.6581767],[35.4004141,32.6580898],[35.4002863,32.6580477],[35.400132,32.6579979],[35.4000082,32.657959],[35.3997526,32.6578843],[35.3995944,32.6578405],[35.3993398,32.6577737],[35.3992078,32.6577419],[35.3990486,32.6577047],[35.3988417,32.6576589],[35.3986334,32.6576176],[35.3979081,32.6569821],[35.397735,32.6568347],[35.3975569,32.6566916],[35.3973741,32.6565529],[35.3904524,32.651452],[35.3902995,32.651335],[35.3902486,32.6512963],[35.3901188,32.6512006],[35.3899014,32.6510434],[35.3898274,32.6509905],[35.3897163,32.6509134],[35.3894938,32.6507615],[35.3893956,32.6506954],[35.3893044,32.6506359],[35.389077,32.6504894],[35.3889536,32.6504114],[35.3888835,32.6503683],[35.3886512,32.6502273],[35.3885017,32.6501386],[35.3884537,32.650111],[35.3882169,32.6499755],[35.3880405,32.6498774],[35.3880156,32.6498639],[35.3877743,32.6497342],[35.3875698,32.6496277],[35.3873239,32.6495036],[35.3871155,32.6494018],[35.3868659,32.6492838],[35.3866362,32.649179],[35.3864027,32.6490803],[35.3861658,32.6489876],[35.3854513,32.6487193],[35.3840498,32.6481895],[35.3839838,32.6481649],[35.3839759,32.648162],[35.3806459,32.6469352],[35.3786733,32.6448802],[35.3785768,32.6447779],[35.3785155,32.6447137],[35.3783443,32.6445421],[35.3782189,32.6444203],[35.3780376,32.6442499],[35.377976,32.6441943],[35.3778459,32.6440783],[35.3777212,32.6439695],[35.3775905,32.6438601],[35.3774547,32.6437489],[35.3773229,32.6436433],[35.3771886,32.6435401],[35.3770473,32.6434338],[35.3768498,32.6432899],[35.3767709,32.6432348],[35.3766244,32.6431337],[35.376494,32.6430456],[35.3763382,32.6429448],[35.3761868,32.6428491],[35.3760402,32.6427586],[35.3758914,32.6426707],[35.3757352,32.6425806],[35.3755281,32.6424647],[35.3754312,32.6424129],[35.3752706,32.6423285],[35.3751386,32.6422604],[35.3749584,32.6421719],[35.3747937,32.6420934],[35.3746347,32.6420193],[35.3744739,32.6419482],[35.3743055,32.6418756],[35.3740936,32.6417874],[35.3739786,32.6417421],[35.3738067,32.6416757],[35.3736767,32.6416266],[35.3734735,32.6415541],[35.3732983,32.6414939],[35.3731295,32.6414376],[35.3729592,32.6413844],[35.3727812,32.6413305],[35.3725695,32.6412691],[35.372437,32.6412333],[35.3722564,32.641186],[35.3721319,32.6411542],[35.3718725,32.6410935],[35.371611,32.6410398],[35.3713476,32.6409931],[35.3711812,32.6409673],[35.3677646,32.6404682],[35.3676753,32.6404556],[35.3614895,32.6396089],[35.3614802,32.6396076],[35.3614069,32.639598],[35.3611764,32.6395684],[35.3610411,32.6395483],[35.3609064,32.6395258],[35.3607723,32.6395006],[35.360639,32.6394729],[35.3605063,32.6394427],[35.3603746,32.63941],[35.3602437,32.6393748],[35.3601138,32.6393371],[35.359985,32.6392969],[35.359877,32.6392609],[35.3559609,32.6373568],[35.3558502,32.6373039],[35.3557512,32.6372581],[35.3516672,32.6353995],[35.3494999,32.6341574],[35.3494137,32.6341086],[35.3458065,32.6320949],[35.3448319,32.6315032],[35.3447681,32.6314496],[35.3446678,32.6313613],[35.3445698,32.6312711],[35.3444743,32.6311791],[35.3443813,32.6310853],[35.3442907,32.6309897],[35.3442322,32.6309249],[35.3438039,32.6302535],[35.3428413,32.6286284],[35.3427504,32.628442],[35.342653,32.628258],[35.3425967,32.6281556],[35.3424887,32.6279661],[35.3423707,32.6277739],[35.3423074,32.6276745],[35.3421845,32.627488],[35.3420551,32.6273048],[35.341985,32.6272087],[35.3418642,32.6270484],[35.3417379,32.6268911],[35.3417066,32.6268528],[35.3416301,32.6267602],[35.3415328,32.6266441],[35.3414321,32.6265301],[35.341328,32.6264183],[35.3412571,32.6263426],[35.3412449,32.62633],[35.3411396,32.626219],[35.3410313,32.6261101],[35.3409199,32.6260034],[35.3408308,32.6259194],[35.3406597,32.6257625],[35.3404831,32.6256101],[35.3403883,32.6255306],[35.3402581,32.6254237],[35.3400805,32.6252855],[35.3399384,32.6251721],[35.3397931,32.6250616],[35.339665,32.6249663],[35.3395053,32.6248505],[35.339355,32.6247467],[35.3392217,32.6246566],[35.3390622,32.6245515],[35.3388998,32.6244496],[35.3387616,32.624365],[35.3385907,32.6242632],[35.3384285,32.6241712],[35.3382856,32.6240922],[35.3381151,32.6240004],[35.337942,32.623912],[35.3377949,32.6238388],[35.3376146,32.6237517],[35.3374416,32.6236726],[35.3372906,32.6236054],[35.3371105,32.6235276],[35.3369284,32.6234535],[35.3367737,32.6233925],[35.3365857,32.6233206],[35.3364034,32.6232553],[35.3362455,32.6232006],[35.3360576,32.6231376],[35.3358679,32.6230784],[35.3357072,32.62303],[35.3355132,32.6229739],[35.3353231,32.6229231],[35.3351599,32.6228813],[35.3349657,32.6228337],[35.3347703,32.6227899],[35.3346048,32.6227547],[35.3344068,32.6227146],[35.3342106,32.6226791],[35.3340433,32.6226505],[35.3338447,32.6226186],[35.3336453,32.6225908],[35.3334767,32.6225689],[35.3332764,32.6225451],[35.3330757,32.6225253],[35.332906,32.6225102],[35.3326796,32.6224928],[35.3324527,32.6224804],[35.3322255,32.6224732],[35.3313643,32.6224555],[35.3313236,32.6224547],[35.329931,32.6224317],[35.3296981,32.6224305],[35.3294653,32.6224348],[35.3292328,32.6224444],[35.3291898,32.6224467],[35.3291038,32.6223483],[35.3289723,32.6222018],[35.3288365,32.6220582],[35.3287356,32.6219543],[35.3285777,32.6217963],[35.3284512,32.6216762],[35.3283442,32.6215768],[35.3281958,32.6214424],[35.3280434,32.6213113],[35.3279306,32.6212167],[35.3277997,32.6211092],[35.3276141,32.6209644],[35.3274958,32.6208748],[35.327332,32.6207539],[35.3271646,32.6206366],[35.327041,32.6205522],[35.3268701,32.6204385],[35.3266958,32.6203286],[35.3265673,32.6202496],[35.3263846,32.6201404],[35.3262092,32.6200412],[35.3260761,32.6199679],[35.3260273,32.6199412],[35.3257985,32.6198213],[35.3255654,32.6197076],[35.3253281,32.6196002],[35.3252424,32.6195634],[35.3248727,32.6194068],[35.3246436,32.6193133],[35.3244113,32.6192257],[35.324176,32.6191439],[35.3241577,32.6191378],[35.3238622,32.618815],[35.3238048,32.6187498],[35.3236809,32.6186126],[35.3235531,32.618478],[35.3234428,32.6183646],[35.3232897,32.6182116],[35.3231758,32.6181032],[35.3230593,32.6179944],[35.3229204,32.6178678],[35.3227779,32.6177441],[35.3226553,32.6176402],[35.3224924,32.6175057],[35.3223601,32.6174016],[35.3222318,32.6173027],[35.3220792,32.617188],[35.3219234,32.6170764],[35.3217896,32.6169828],[35.3216195,32.6168669],[35.3214688,32.6167693],[35.3213299,32.6166813],[35.3211651,32.6165794],[35.3209974,32.6164809],[35.3208536,32.6163986],[35.3206789,32.6163012],[35.3205102,32.616212],[35.3203619,32.6161356],[35.3201863,32.6160476],[35.3200083,32.6159631],[35.3198559,32.6158928],[35.3196791,32.6158135],[35.3195607,32.6157635],[35.3182241,32.6151373],[35.3179978,32.615035],[35.3179721,32.6150238],[35.3127646,32.6127734],[35.3125492,32.6126835],[35.3124702,32.6126521],[35.3071103,32.6105511],[35.3065628,32.6103273],[35.3064447,32.610264],[35.3045372,32.6091577],[35.2998487,32.6061229],[35.3149012,32.6018311],[35.3149387,32.6018204],[35.3151918,32.6017433],[35.3154419,32.6016594],[35.3156888,32.601569],[35.3159322,32.601472],[35.3161718,32.6013685],[35.3164075,32.6012586],[35.3166389,32.6011426],[35.3168659,32.6010204],[35.3170883,32.6008922],[35.3173057,32.6007581],[35.317518,32.6006182],[35.3177251,32.6004728],[35.3179265,32.6003219],[35.3181223,32.6001657],[35.3183121,32.6000044],[35.3184958,32.599838],[35.3186733,32.5996668],[35.3188442,32.599491],[35.3190085,32.5993107],[35.319166,32.5991261],[35.3193165,32.5989374],[35.3193721,32.5988644],[35.323739,32.5930462],[35.3237621,32.5930153],[35.3361169,32.5763645],[35.336211,32.5762347],[35.3363017,32.5761033],[35.3363892,32.5759702],[35.3364001,32.5759533],[35.3364055,32.5759449],[35.3364113,32.575936],[35.3364169,32.5759273],[35.3364227,32.5759186],[35.3364285,32.5759097],[35.3364342,32.5759012],[35.3364398,32.5758928],[35.3364459,32.5758838],[35.3364517,32.5758752],[35.3364573,32.5758669],[35.3364635,32.5758579],[35.3364692,32.5758496],[35.3364753,32.5758409],[35.3364813,32.5758322],[35.3364872,32.5758238],[35.3364934,32.5758151],[35.3364993,32.5758067],[35.3365054,32.5757981],[35.3365114,32.5757898],[35.3365175,32.5757813],[35.3365241,32.5757722],[35.3365299,32.5757643],[35.3365361,32.5757558],[35.3365425,32.5757472],[35.3365488,32.5757387],[35.3365551,32.5757303],[35.336561,32.5757224],[35.3365677,32.5757135],[35.3365739,32.5757054],[35.3365803,32.5756969],[35.3365867,32.5756886],[35.3365932,32.5756802],[35.3365997,32.5756718],[35.3366061,32.5756636],[35.3366128,32.5756551],[35.3366189,32.5756473],[35.3366257,32.5756389],[35.3366323,32.5756305],[35.3366389,32.5756223],[35.3366457,32.5756139],[35.3366522,32.5756059],[35.3366589,32.5755977],[35.3366655,32.5755896],[35.3366722,32.5755814],[35.336679,32.5755733],[35.3366858,32.5755651],[35.3366926,32.575557],[35.3366995,32.5755489],[35.3367065,32.5755406],[35.3367132,32.5755326],[35.3367201,32.5755247],[35.3367268,32.5755168],[35.336734,32.5755085],[35.3367408,32.5755007],[35.3367482,32.5754923],[35.3367549,32.5754846],[35.3367621,32.5754764],[35.336769,32.5754687],[35.3367761,32.5754607],[35.3367832,32.5754529],[35.3367906,32.5754447],[35.3367976,32.575437],[35.3368048,32.575429],[35.3368121,32.5754211],[35.3368192,32.5754134],[35.3368265,32.5754055],[35.3368338,32.5753977],[35.336841,32.57539],[35.3368486,32.575382],[35.3368557,32.5753745],[35.336863,32.5753668],[35.3368706,32.5753588],[35.3368779,32.5753513],[35.3368856,32.5753433],[35.3368928,32.5753359],[35.3369004,32.5753281],[35.3369075,32.5753209],[35.3369156,32.5753126],[35.3369229,32.5753053],[35.3369305,32.5752977],[35.3369381,32.5752901],[35.3369457,32.5752825],[35.3369536,32.5752747],[35.3369611,32.5752674],[35.3369689,32.5752597],[35.3369766,32.5752522],[35.3369839,32.5752452],[35.3369922,32.5752372],[35.3369997,32.57523],[35.3370076,32.5752224],[35.3370155,32.575215],[35.3370233,32.5752077],[35.3370312,32.5752002],[35.3370389,32.575193],[35.3370472,32.5751853],[35.337055,32.5751781],[35.3370628,32.5751709],[35.337071,32.5751635],[35.3370786,32.5751565],[35.3370871,32.5751489],[35.337095,32.5751418],[35.3371033,32.5751343],[35.3371109,32.5751275],[35.3371194,32.5751199],[35.3371273,32.575113],[35.3371357,32.5751057],[35.3371438,32.5750985],[35.3371521,32.5750913],[35.33716,32.5750845],[35.3371686,32.5750771],[35.3371764,32.5750704],[35.3371851,32.5750631],[35.3371932,32.5750562],[35.3372018,32.5750489],[35.33721,32.5750421],[35.3372185,32.5750349],[35.3372267,32.5750281],[35.3372352,32.5750211],[35.3372435,32.5750143],[35.337252,32.5750074],[35.3372605,32.5750004],[35.3372692,32.5749934],[35.3372777,32.5749866],[35.337286,32.5749799],[35.3372945,32.5749731],[35.3373035,32.574966],[35.3373117,32.5749595],[35.3373203,32.5749527],[35.3373292,32.5749458],[35.3373377,32.5749392],[35.3373467,32.5749323],[35.3373551,32.5749258],[35.3373637,32.5749192],[35.3373729,32.5749122],[35.3373814,32.5749058],[35.3373899,32.5748994],[35.337399,32.5748925],[35.337408,32.5748858],[35.3374166,32.5748795],[35.3374253,32.574873],[35.3374342,32.5748665],[35.3374432,32.5748599],[35.3374522,32.5748534],[35.3374612,32.5748468],[35.3374701,32.5748404],[35.337479,32.5748341],[35.337488,32.5748277],[35.3374972,32.5748211],[35.3375062,32.5748148],[35.3375152,32.5748085],[35.3375243,32.5748021],[35.3375333,32.5747959],[35.3375425,32.5747895],[35.3375515,32.5747834],[35.3375606,32.5747772],[35.3375699,32.5747708],[35.3375791,32.5747646],[35.3375883,32.5747584],[35.3375976,32.5747522],[35.3376065,32.5747463],[35.3376161,32.57474],[35.3376254,32.5747338],[35.3376345,32.5747279],[35.3376439,32.5747218],[35.3376533,32.5747157],[35.3376627,32.5747096],[35.337672,32.5747036],[35.3376813,32.5746977],[35.3376905,32.5746918],[35.3377002,32.5746857],[35.3377097,32.5746797],[35.3377191,32.5746739],[35.3377287,32.5746679],[35.3377381,32.5746621],[35.3377475,32.5746563],[35.3377571,32.5746504],[35.3377666,32.5746447],[35.3377763,32.5746388],[35.337786,32.574633],[35.3377951,32.5746275],[35.3378053,32.5746214],[35.3378144,32.5746161],[35.3378243,32.5746102],[35.3378338,32.5746047],[35.337844,32.5745987],[35.3378534,32.5745933],[35.3378629,32.5745878],[35.337873,32.574582],[35.3378826,32.5745766],[35.3378924,32.574571],[35.337902,32.5745656],[35.3379118,32.5745601],[35.337922,32.5745544],[35.3379315,32.5745491],[35.3379415,32.5745437],[35.3379515,32.5745382],[35.3379608,32.5745331],[35.3379713,32.5745274],[35.3379812,32.5745221],[35.3379908,32.5745169],[35.3380009,32.5745115],[35.338011,32.5745062],[35.3380209,32.5745009],[35.3380305,32.5744959],[35.3380411,32.5744904],[35.3380507,32.5744854],[35.3380611,32.5744801],[35.3380709,32.5744751],[35.338081,32.5744699],[35.338091,32.5744649],[35.3381016,32.5744595],[35.3381114,32.5744546],[35.3381214,32.5744497],[35.3381317,32.5744445],[35.3381419,32.5744395],[35.3381519,32.5744347],[35.3381621,32.5744297],[35.3381725,32.5744247],[35.3381828,32.5744197],[35.3381929,32.5744149],[35.3382029,32.5744102],[35.3382134,32.5744052],[35.3382237,32.5744004],[35.3382338,32.5743956],[35.3382443,32.5743908],[35.3382549,32.5743859],[35.3382648,32.5743814],[35.3382753,32.5743766],[35.3382856,32.5743719],[35.338296,32.5743673],[35.3383065,32.5743625],[35.3383168,32.574358],[35.338327,32.5743535],[35.3383382,32.5743486],[35.3383479,32.5743444],[35.3383588,32.5743396],[35.338369,32.5743352],[35.3383797,32.5743307],[35.3383902,32.5743262],[35.3384005,32.5743219],[35.3384115,32.5743173],[35.3384216,32.5743131],[35.3384326,32.5743085],[35.3384426,32.5743044],[35.3384536,32.5742999],[35.3384644,32.5742955],[35.3384748,32.5742913],[35.3384853,32.5742871],[35.3384961,32.5742828],[35.3385063,32.5742787],[35.3385176,32.5742743],[35.3385278,32.5742703],[35.3385388,32.574266],[35.3385492,32.5742621],[35.3385605,32.5742577],[35.3385705,32.5742539],[35.3385815,32.5742498],[35.3385922,32.5742458],[35.338603,32.5742418],[35.3386139,32.5742377],[35.3386247,32.5742337],[35.3386352,32.5742299],[35.3386561,32.5742223],[35.3388446,32.5741518],[35.3390309,32.5740775],[35.3392151,32.5739993],[35.3393971,32.5739174],[35.3535676,32.5673492],[35.3552791,32.5665899],[35.3559813,32.566398],[35.3610686,32.5651946],[35.361272,32.5651442],[35.3614738,32.5650895],[35.3616739,32.5650306],[35.3618723,32.5649674],[35.3618976,32.5649591],[35.3619138,32.5649538],[35.3619299,32.5649485],[35.3619464,32.5649432],[35.3619627,32.5649379],[35.3619788,32.5649328],[35.3619951,32.5649276],[35.3620114,32.5649225],[35.3620277,32.5649174],[35.3620443,32.5649122],[35.3620604,32.5649073],[35.3620772,32.5649021],[35.3620933,32.5648972],[35.3621095,32.5648923],[35.3621258,32.5648875],[35.362143,32.5648824],[35.3621585,32.5648778],[35.3621757,32.5648728],[35.3621919,32.564868],[35.3622082,32.5648633],[35.3622251,32.5648585],[35.3622412,32.5648539],[35.3622577,32.5648493],[35.3622742,32.5648446],[35.3622902,32.5648384],[35.362307,32.564834],[35.3623239,32.5648298],[35.3623401,32.5648254],[35.3623569,32.5648211],[35.3623734,32.5648169],[35.3623903,32.5648126],[35.362407,32.5648084],[35.3624236,32.5648042],[35.3624403,32.5648001],[35.3624475,32.5647983],[35.3624665,32.5647934],[35.3624733,32.5647916],[35.3624907,32.5647872],[35.3625047,32.5647836],[35.3625233,32.5647788],[35.3625405,32.5647743],[35.3625567,32.5647701],[35.3625736,32.5647657],[35.3625904,32.5647616],[35.3626065,32.5647574],[35.3626237,32.5647532],[35.3626413,32.5647509],[35.3626577,32.5647471],[35.3626742,32.5647433],[35.3626915,32.5647394],[35.3627084,32.5647356],[35.3627249,32.5647319],[35.3627416,32.5647282],[35.3627589,32.5647244],[35.3627758,32.5647208],[35.3627922,32.5647173],[35.3628094,32.5647136],[35.3628263,32.5647101],[35.3628433,32.5647065],[35.3628599,32.5647031],[35.3628774,32.5646995],[35.3628937,32.5646962],[35.3629112,32.5646927],[35.3629276,32.5646895],[35.3629447,32.5646861],[35.3629618,32.5646828],[35.3629787,32.5646795],[35.3629956,32.5646763],[35.3630127,32.5646731],[35.3630297,32.5646699],[35.3630467,32.5646668],[35.3630634,32.5646638],[35.3630808,32.5646607],[35.3630982,32.5646576],[35.3631146,32.5646547],[35.3631319,32.5646517],[35.3631488,32.5646488],[35.363166,32.5646458],[35.3631833,32.5646429],[35.3632003,32.5646401],[35.3632171,32.5646374],[35.3632344,32.5646346],[35.3632516,32.5646318],[35.3632683,32.5646292],[35.3632858,32.5646265],[35.3633029,32.5646238],[35.3633198,32.5646213],[35.3633373,32.5646187],[35.3633539,32.5646162],[35.3633718,32.5646136],[35.3633884,32.5646112],[35.3634056,32.5646088],[35.3634226,32.5646064],[35.3634404,32.564604],[35.3634571,32.5646017],[35.3634744,32.5645994],[35.3634919,32.5645971],[35.3635087,32.5645949],[35.3635259,32.5645927],[35.3635433,32.5645905],[35.3635605,32.5645884],[35.3635778,32.5645863],[35.3635951,32.5645842],[35.3636121,32.5645822],[35.3636294,32.5645802],[35.3636467,32.5645782],[35.363664,32.5645763],[35.3636812,32.5645744],[35.3636986,32.5645725],[35.363716,32.5645707],[35.3637332,32.5645689],[35.36375,32.5645672],[35.3637676,32.5645654],[35.3637852,32.5645637],[35.363802,32.5645621],[35.3638194,32.5645604],[35.3638372,32.5645588],[35.3638539,32.5645573],[35.3638713,32.5645557],[35.3638886,32.5645543],[35.3639063,32.5645528],[35.3639234,32.5645514],[35.3639405,32.56455],[35.3639582,32.5645486],[35.3639753,32.5645473],[35.3639931,32.564546],[35.36401,32.5645447],[35.3640273,32.5645435],[35.3640451,32.5645423],[35.3640621,32.5645411],[35.3640796,32.56454],[35.3640965,32.5645389],[35.3641145,32.5645378],[35.3641316,32.5645368],[35.3641489,32.5645359],[35.3641663,32.5645349],[35.3641835,32.564534],[35.3642014,32.5645331],[35.3642181,32.5645322],[35.364236,32.5645314],[35.3642534,32.5645306],[35.3642705,32.5645299],[35.3642882,32.5645291],[35.3643053,32.5645285],[35.3643227,32.5645278],[35.3643404,32.5645272],[35.3643573,32.5645266],[35.3643752,32.564526],[35.3643922,32.5645255],[35.3644099,32.564525],[35.3644272,32.5645246],[35.3644443,32.5645242],[35.3644621,32.5645238],[35.3644793,32.5645234],[35.3644966,32.5645231],[35.3645138,32.5645229],[35.3645317,32.5645226],[35.3645489,32.5645224],[35.3645665,32.5645222],[35.3645836,32.5645221],[35.3646011,32.5645219],[35.3646184,32.5645219],[35.3646361,32.5645218],[35.3646535,32.5645218],[35.3646706,32.5645218],[35.3646883,32.5645219],[35.3647058,32.564522],[35.3647227,32.5645221],[35.3647408,32.5645223],[35.3647576,32.5645224],[35.3647752,32.5645227],[35.3647926,32.5645229],[35.3648098,32.5645232],[35.3648276,32.5645236],[35.3648449,32.5645239],[35.3648622,32.5645243],[35.3648797,32.5645247],[35.3648971,32.5645252],[35.3649144,32.5645257],[35.3649316,32.5645262],[35.3649494,32.5645268],[35.3649666,32.5645274],[35.3649839,32.564528],[35.3650013,32.5645287],[35.365019,32.5645294],[35.3650361,32.5645301],[35.3650533,32.5645308],[35.3650712,32.5645317],[35.365088,32.5645325],[35.3651055,32.5645333],[35.3651232,32.5645343],[35.3651404,32.5645352],[35.3651581,32.5645362],[35.3651749,32.5645371],[35.3651926,32.5645382],[35.36521,32.5645393],[35.3652271,32.5645404],[35.3652446,32.5645415],[35.3652619,32.5645427],[35.3652793,32.5645439],[35.3652967,32.5645451],[35.365314,32.5645464],[35.3653316,32.5645477],[35.3653452,32.5645487],[35.3653658,32.5645529],[35.3653972,32.5645591],[35.365419,32.5645634],[35.3654504,32.5645695],[35.3654722,32.5645738],[35.3655036,32.5645799],[35.3655254,32.564584],[35.3655568,32.5645901],[35.3655789,32.5645942],[35.3656103,32.5646002],[35.3656321,32.5646043],[35.3656635,32.5646101],[35.3656856,32.5646142],[35.3657171,32.56462],[35.3657389,32.564624],[35.3657704,32.5646297],[35.3657924,32.5646337],[35.3658239,32.5646394],[35.365844,32.564643],[35.3658773,32.5646489],[35.3658991,32.5646527],[35.3659306,32.5646582],[35.365953,32.5646621],[35.3659845,32.5646675],[35.3660063,32.5646713],[35.3660379,32.5646766],[35.3660597,32.5646803],[35.3660913,32.5646856],[35.3661135,32.5646893],[35.3661452,32.5646946],[35.366167,32.5646982],[35.3661986,32.5647033],[35.3662209,32.564707],[35.3662526,32.564712],[35.3662744,32.5647155],[35.366306,32.5647206],[35.3663281,32.564724],[35.3663598,32.564729],[35.3663818,32.5647324],[35.3664135,32.5647373],[35.3664356,32.5647407],[35.3664673,32.5647455],[35.3664876,32.5647485],[35.3665211,32.5647535],[35.3665433,32.5647568],[35.3665751,32.5647615],[35.3665968,32.5647647],[35.3666286,32.5647693],[35.366651,32.5647725],[35.3666827,32.564777],[35.3667047,32.5647801],[35.3667365,32.5647846],[35.3667588,32.5647877],[35.3667906,32.5647921],[35.3668124,32.5647951],[35.3668442,32.5647994],[35.3668665,32.5648024],[35.3668983,32.5648066],[35.3669207,32.5648096],[35.3669525,32.5648138],[35.3669743,32.5648166],[35.3670061,32.5648207],[35.3670287,32.5648236],[35.3670606,32.5648276],[35.3670826,32.5648304],[35.3671145,32.5648343],[35.3671347,32.5648368],[35.3671684,32.5648409],[35.3671907,32.5648436],[35.3672226,32.5648474],[35.3672447,32.5648501],[35.3672766,32.5648538],[35.3672991,32.5648564],[35.367331,32.5648601],[35.3673531,32.5648626],[35.367385,32.5648662],[35.3674071,32.5648687],[35.367439,32.5648722],[35.3674613,32.5648747],[35.3674933,32.5648781],[35.3675158,32.5648805],[35.3675478,32.5648839],[35.3675698,32.5648862],[35.3676018,32.5648896],[35.3676238,32.5648918],[35.3676558,32.5648951],[35.3676784,32.5648973],[35.3677104,32.5649005],[35.3677324,32.5649027],[35.3677644,32.5649058],[35.367785,32.5649078],[35.367819,32.564911],[35.367841,32.5649131],[35.367873,32.564916],[35.3678956,32.5649181],[35.3679276,32.564921],[35.3679497,32.5649229],[35.3679817,32.5649258],[35.368004,32.5649277],[35.368036,32.5649304],[35.3680586,32.5649324],[35.3680907,32.564935],[35.3681127,32.5649368],[35.3681447,32.5649395],[35.3681673,32.5649413],[35.3681994,32.5649438],[35.3682217,32.5649455],[35.3682538,32.564948],[35.368276,32.5649497],[35.3683081,32.5649521],[35.3683304,32.5649537],[35.3683625,32.564956],[35.3683848,32.5649576],[35.3684169,32.5649599],[35.3684374,32.5649613],[35.3684716,32.5649636],[35.3684936,32.5649651],[35.3685257,32.5649672],[35.3685483,32.5649686],[35.3685804,32.5649707],[35.3686029,32.5649721],[35.3686351,32.564974],[35.3686571,32.5649753],[35.3686892,32.5649772],[35.3687118,32.5649785],[35.3687439,32.5649804],[35.3687665,32.5649816],[35.3687986,32.5649834],[35.3688206,32.5649845],[35.3688528,32.5649862],[35.3688753,32.5649873],[35.3689075,32.564989],[35.36893,32.5649901],[35.3689622,32.5649916],[35.3689845,32.5649926],[35.3690166,32.5649941],[35.3690389,32.5649951],[35.3690711,32.5649965],[35.3690914,32.5649973],[35.3691255,32.5649987],[35.3691483,32.5649996],[35.3691805,32.5650009],[35.3692025,32.5650017],[35.3692347,32.5650029],[35.3692572,32.5650037],[35.3692894,32.5650048],[35.369312,32.5650055],[35.3693442,32.5650065],[35.3693664,32.5650072],[35.3693986,32.5650082],[35.3694212,32.5650088],[35.3694534,32.5650097],[35.3694756,32.5650103],[35.3695078,32.5650111],[35.3695304,32.5650117],[35.3695626,32.5650124],[35.3695848,32.5650129],[35.369617,32.5650136],[35.3696396,32.565014],[35.3696718,32.5650146],[35.369694,32.565015],[35.3697262,32.5650155],[35.3697466,32.5650158],[35.369781,32.5650163],[35.3698035,32.5650166],[35.3698357,32.565017],[35.3698579,32.5650172],[35.3698902,32.5650176],[35.3699127,32.5650177],[35.3699449,32.565018],[35.3699671,32.5650181],[35.3699994,32.5650183],[35.3700219,32.5650184],[35.3700541,32.5650185],[35.3700766,32.5650185],[35.3701088,32.5650186],[35.3701311,32.5650185],[35.3701633,32.5650185],[35.3701858,32.5650184],[35.370218,32.5650183],[35.3702403,32.5650182],[35.3702725,32.565018],[35.3702953,32.5650179],[35.3703275,32.5650176],[35.3703495,32.5650174],[35.3703817,32.5650171],[35.3704022,32.5650168],[35.3704367,32.5650164],[35.3704589,32.5650161],[35.3704911,32.5650156],[35.3705136,32.5650153],[35.3705458,32.5650147],[35.3705681,32.5650143],[35.3706003,32.5650137],[35.3706228,32.5650132],[35.370655,32.5650125],[35.3706775,32.565012],[35.3707097,32.5650112],[35.3707319,32.5650107],[35.3707641,32.5650099],[35.3707866,32.5650092],[35.3708188,32.5650083],[35.3708413,32.5650077],[35.3708735,32.5650067],[35.3708958,32.565006],[35.370928,32.5650049],[35.3709505,32.5650042],[35.3709826,32.5650031],[35.3710051,32.5650022],[35.3710373,32.5650011],[35.3710574,32.5650003],[35.3710917,32.5649989],[35.3711142,32.564998],[35.3711464,32.5649967],[35.3711686,32.5649957],[35.3712008,32.5649943],[35.3712233,32.5649933],[35.3712555,32.5649918],[35.371278,32.5649908],[35.3713101,32.5649892],[35.3713323,32.5649881],[35.3713645,32.5649865],[35.371387,32.5649853],[35.3714191,32.5649836],[35.3714413,32.5649824],[35.3714735,32.5649807],[35.371496,32.5649794],[35.3715281,32.5649776],[35.3715503,32.5649763],[35.3715825,32.5649743],[35.3716049,32.564973],[35.3716371,32.564971],[35.3716596,32.5649696],[35.3716917,32.5649675],[35.3717116,32.5649662],[35.371746,32.564964],[35.3717685,32.5649624],[35.3718006,32.5649602],[35.3718228,32.5649587],[35.3718549,32.5649564],[35.3718774,32.5649548],[35.3719095,32.5649525],[35.3719317,32.5649508],[35.3719638,32.5649484],[35.371986,32.5649467],[35.3720181,32.5649442],[35.3720405,32.5649425],[35.3720726,32.5649399],[35.3720951,32.5649381],[35.3721271,32.5649355],[35.3721493,32.5649336],[35.3721814,32.5649309],[35.3722036,32.564929],[35.3722356,32.5649262],[35.3722581,32.5649243],[35.3722901,32.5649214],[35.3723123,32.5649194],[35.3723444,32.5649165],[35.3723643,32.5649147],[35.3723986,32.5649115],[35.372421,32.5649094],[35.372453,32.5649063],[35.3724752,32.5649042],[35.3725072,32.564901],[35.3725294,32.5648989],[35.3725614,32.5648957],[35.3725839,32.5648934],[35.3726158,32.5648901],[35.372638,32.5648878],[35.37267,32.5648845],[35.3726922,32.5648821],[35.3727242,32.5648787],[35.3727463,32.5648763],[35.3727783,32.5648728],[35.3728007,32.5648704],[35.3728327,32.5648668],[35.3728548,32.5648643],[35.3728868,32.5648607],[35.3729087,32.5648582],[35.3729406,32.5648545],[35.372963,32.5648518],[35.3729949,32.5648481],[35.3730149,32.5648457],[35.3730493,32.5648416],[35.3730712,32.5648389],[35.3731031,32.564835],[35.3731252,32.5648322],[35.3731571,32.5648283],[35.3731793,32.5648255],[35.3732111,32.5648214],[35.3732333,32.5648186],[35.3732651,32.5648144],[35.3732873,32.5648115],[35.3733191,32.5648073],[35.3733413,32.5648044],[35.3733731,32.5648001],[35.3733956,32.5647971],[35.3734274,32.5647928],[35.3734489,32.5647898],[35.3734807,32.5647854],[35.3735032,32.5647822],[35.373535,32.5647778],[35.3735572,32.5647746],[35.3735889,32.5647701],[35.3736107,32.5647669],[35.3736425,32.5647623],[35.3736623,32.5647594],[35.3736964,32.5647543],[35.3737186,32.564751],[35.3737503,32.5647463],[35.3737724,32.5647429],[35.3738041,32.5647381],[35.373826,32.5647347],[35.3738577,32.5647298],[35.3738798,32.5647264],[35.3739115,32.5647214],[35.3739334,32.5647179],[35.3739651,32.5647129],[35.3739872,32.5647093],[35.3740189,32.5647042],[35.374041,32.5647006],[35.3740726,32.5646954],[35.3740945,32.5646918],[35.3741261,32.5646866],[35.374148,32.5646829],[35.3741796,32.5646776],[35.3742017,32.5646738],[35.3742333,32.5646684],[35.3742554,32.5646646],[35.374287,32.5646591],[35.3743062,32.5646558],[35.3743401,32.5646498],[35.3743623,32.5646459],[35.3743938,32.5646403],[35.3744156,32.5646364],[35.3744471,32.5646307],[35.3744693,32.5646267],[35.3745007,32.564621],[35.3745226,32.5646169],[35.3745541,32.5646111],[35.3745757,32.5646071],[35.3746071,32.5646012],[35.3746292,32.564597],[35.3746607,32.5645911],[35.3746825,32.5645869],[35.3747139,32.5645809],[35.3747358,32.5645767],[35.3747672,32.5645706],[35.374789,32.5645663],[35.3748204,32.5645601],[35.3748423,32.5645558],[35.3748737,32.5645496],[35.3748955,32.5645452],[35.3749268,32.5645389],[35.3749462,32.564535],[35.37498,32.5645281],[35.3750018,32.5645236],[35.3750331,32.5645172],[35.3750547,32.5645127],[35.375086,32.5645062],[35.3751078,32.5645016],[35.3751391,32.564495],[35.3753293,32.5644529],[35.3755875,32.5643894],[35.3758432,32.564319],[35.3760962,32.5642418],[35.3762468,32.5641921],[35.3795441,32.5630745],[35.3852718,32.5612679],[35.3853138,32.5612545],[35.3854849,32.5611979],[35.3984473,32.5567693],[35.3999328,32.5563824],[35.4212694,32.5542327],[35.4214606,32.5542116],[35.4215243,32.5542037],[35.4254313,32.5537079],[35.4256332,32.5536802],[35.4258973,32.5536375],[35.4261597,32.5535878],[35.4264201,32.5535311],[35.4266782,32.5534674],[35.4269339,32.5533969],[35.4271868,32.5533196],[35.4274366,32.5532356],[35.4276833,32.5531449],[35.4278353,32.553085],[35.4453802,32.5459956],[35.4454392,32.5459715],[35.4636964,32.538444],[35.4638797,32.538366],[35.4640607,32.5382844],[35.4642393,32.5381991],[35.4672583,32.5367167],[35.4709127,32.5349239],[35.4709205,32.53492],[35.4769009,32.5319785],[35.4769642,32.5319471],[35.484755,32.528038],[35.484882,32.527973],[35.4851086,32.5278505],[35.4853305,32.527722],[35.4855475,32.5275877],[35.4856766,32.5275034],[35.4879837,32.5259673],[35.4915544,32.523759],[35.4916664,32.5236886],[35.4917951,32.5236045],[35.4982404,32.5193129],[35.5262032,32.5070147],[35.5351006,32.5978593],[35.5371306,32.7050349]],[[35.3702012,32.5505928],[35.3701913,32.550593],[35.3701815,32.5505932],[35.3701719,32.5505933],[35.3701618,32.5505934],[35.3701521,32.5505935],[35.3701424,32.5505936],[35.3701327,32.5505937],[35.3701233,32.5505937],[35.3701129,32.5505937],[35.3701032,32.5505937],[35.3700935,32.5505937],[35.3700837,32.5505936],[35.3700738,32.5505936],[35.3700643,32.5505935],[35.3700542,32.5505934],[35.3700445,32.5505932],[35.3700348,32.5505931],[35.3700252,32.5505929],[35.3700151,32.5505927],[35.3700051,32.5505924],[35.3699956,32.5505922],[35.3699858,32.5505919],[35.3699759,32.5505916],[35.3699663,32.5505913],[35.3699566,32.550591],[35.3699464,32.5505906],[35.3699369,32.5505903],[35.3699269,32.5505899],[35.3699177,32.5505895],[35.3699071,32.550589],[35.3698974,32.5505885],[35.3698879,32.550588],[35.3698785,32.5505875],[35.3698683,32.550587],[35.3698586,32.5505864],[35.3698487,32.5505859],[35.3698392,32.5505853],[35.3698294,32.5505847],[35.3698197,32.550584],[35.3698094,32.5505833],[35.3698001,32.5505827],[35.3697904,32.550582],[35.3697804,32.5505812],[35.3697709,32.5505805],[35.369761,32.5505797],[35.3697512,32.5505789],[35.3697418,32.5505781],[35.3697315,32.5505772],[35.3697223,32.5505764],[35.3697121,32.5505755],[35.3697027,32.5505747],[35.3696928,32.5505737],[35.3696833,32.5505728],[35.3696734,32.5505718],[35.3696635,32.5505708],[35.369654,32.5505698],[35.3696439,32.5505687],[35.3696346,32.5505677],[35.3696249,32.5505667],[35.369615,32.5505655],[35.3696057,32.5505645],[35.3695958,32.5505633],[35.3695858,32.5505621],[35.3695766,32.550561],[35.3695661,32.5505597],[35.3695571,32.5505586],[35.3695473,32.5505573],[35.3695372,32.550556],[35.3695279,32.5505547],[35.3695185,32.5505534],[35.3695083,32.550552],[35.369499,32.5505507],[35.369489,32.5505493],[35.3694797,32.550548],[35.3694697,32.5505465],[35.3694603,32.5505451],[35.3694507,32.5505436],[35.3694412,32.5505422],[35.3694312,32.5505406],[35.3694218,32.5505391],[35.3694119,32.5505375],[35.3694025,32.550536],[35.369393,32.5505344],[35.3693833,32.5505328],[35.3693733,32.5505311],[35.3693643,32.5505295],[35.3693547,32.5505278],[35.3693444,32.550526],[35.3693353,32.5505244],[35.369326,32.5505227],[35.369316,32.5505209],[35.3693062,32.550519],[35.3692974,32.5505174],[35.3692874,32.5505155],[35.3692778,32.5505136],[35.3692687,32.5505118],[35.3692585,32.5505098],[35.3692495,32.550508],[35.3692398,32.550506],[35.3692305,32.5505041],[35.3692207,32.5505021],[35.3692113,32.5505001],[35.3692017,32.5504981],[35.3691924,32.5504961],[35.3691827,32.550494],[35.3691734,32.5504919],[35.3691637,32.5504898],[35.3691545,32.5504877],[35.3691445,32.5504854],[35.3691246,32.5504809],[35.3690412,32.5504622],[35.3687799,32.5504084],[35.3685168,32.5503617],[35.3682521,32.550322],[35.3680806,32.5503002],[35.368044,32.5502959],[35.3680249,32.5502936],[35.3679883,32.5502894],[35.367969,32.5502871],[35.3679325,32.550283],[35.367913,32.5502807],[35.3678764,32.5502766],[35.367857,32.5502745],[35.3678204,32.5502704],[35.3678021,32.5502684],[35.3677645,32.5502643],[35.3677453,32.5502623],[35.3677087,32.5502584],[35.367689,32.5502563],[35.3676524,32.5502524],[35.3676331,32.5502504],[35.3675964,32.5502467],[35.3675773,32.5502447],[35.3675406,32.550241],[35.3675212,32.5502391],[35.3674845,32.5502355],[35.367465,32.5502336],[35.3674283,32.55023],[35.3674089,32.5502282],[35.3673722,32.5502247],[35.3673528,32.5502229],[35.3673161,32.5502195],[35.3672969,32.5502177],[35.3672602,32.5502144],[35.3672407,32.5502126],[35.367204,32.5502093],[35.3671845,32.5502076],[35.3671478,32.5502044],[35.3671284,32.5502028],[35.3670917,32.5501997],[35.3670724,32.550198],[35.3670357,32.550195],[35.3670223,32.5501939],[35.367016,32.5501934],[35.3669793,32.5501904],[35.3669598,32.5501888],[35.3669231,32.5501859],[35.3669039,32.5501844],[35.3668671,32.5501816],[35.3668477,32.5501801],[35.3668109,32.5501773],[35.3667912,32.5501759],[35.3667544,32.5501732],[35.3667352,32.5501718],[35.3666984,32.5501692],[35.3666788,32.5501678],[35.366642,32.5501652],[35.3666228,32.5501639],[35.366586,32.5501614],[35.3665663,32.5501601],[35.3665295,32.5501577],[35.3665103,32.5501565],[35.3664735,32.5501542],[35.3664538,32.5501529],[35.366417,32.5501507],[35.3663975,32.5501495],[35.3663607,32.5501473],[35.3663413,32.5501462],[35.3663045,32.550144],[35.366285,32.5501429],[35.3662482,32.5501409],[35.3662392,32.5501404],[35.3662288,32.5501398],[35.3661919,32.5501378],[35.3661723,32.5501368],[35.3661354,32.5501349],[35.3661162,32.5501339],[35.3660794,32.5501321],[35.3660597,32.5501311],[35.3660228,32.5501294],[35.3660034,32.5501284],[35.3659666,32.5501267],[35.3659469,32.5501259],[35.36591,32.5501242],[35.3658908,32.5501234],[35.365854,32.5501219],[35.3658343,32.5501211],[35.3657974,32.5501196],[35.365778,32.5501188],[35.3657411,32.5501174],[35.3657214,32.5501167],[35.3656846,32.5501153],[35.3656654,32.5501147],[35.3656285,32.5501134],[35.3656088,32.5501127],[35.3655719,32.5501116],[35.3655523,32.5501109],[35.3655154,32.5501098],[35.3654962,32.5501093],[35.3654569,32.5501081],[35.3654397,32.5501077],[35.3654028,32.5501067],[35.3653831,32.5501062],[35.3653462,32.5501053],[35.365327,32.5501048],[35.3652901,32.550104],[35.3652702,32.5501036],[35.3652333,32.5501028],[35.3652141,32.5501024],[35.3651772,32.5501017],[35.3651576,32.5501014],[35.3651207,32.5501008],[35.3651013,32.5501004],[35.3650644,32.5500999],[35.3650447,32.5500996],[35.3650078,32.5500991],[35.3649884,32.5500989],[35.3649515,32.5500985],[35.3649318,32.5500983],[35.3648949,32.550098],[35.3648757,32.5500978],[35.3648388,32.5500976],[35.3648189,32.5500974],[35.364782,32.5500972],[35.3647626,32.5500972],[35.3647257,32.550097],[35.3647063,32.550097],[35.3646691,32.550097],[35.3646497,32.550097],[35.3646128,32.550097],[35.3645934,32.550097],[35.3645565,32.5500971],[35.3645371,32.5500972],[35.3645002,32.5500973],[35.3644805,32.5500974],[35.3644436,32.5500977],[35.364424,32.5500978],[35.364387,32.5500981],[35.3643676,32.5500983],[35.3643307,32.5500987],[35.3643113,32.5500989],[35.3642744,32.5500994],[35.3642548,32.5500996],[35.3642179,32.5501002],[35.3641985,32.5501005],[35.3641616,32.5501011],[35.3641419,32.5501014],[35.364105,32.5501021],[35.3640856,32.5501024],[35.3640487,32.5501032],[35.3640291,32.5501036],[35.3639922,32.5501044],[35.3639728,32.5501048],[35.3639359,32.5501057],[35.3639182,32.5501062],[35.3638793,32.5501072],[35.36386,32.5501077],[35.3638231,32.5501087],[35.3638037,32.5501093],[35.3637668,32.5501104],[35.3637472,32.550111],[35.3637103,32.5501122],[35.3636906,32.5501128],[35.3636537,32.550114],[35.3636344,32.5501147],[35.3635975,32.550116],[35.3635781,32.5501167],[35.3635412,32.5501181],[35.3635216,32.5501189],[35.3634847,32.5501203],[35.3634653,32.5501211],[35.3634284,32.5501226],[35.3634088,32.5501235],[35.363372,32.5501251],[35.3633526,32.5501259],[35.3633157,32.5501276],[35.3632961,32.5501285],[35.3632592,32.5501303],[35.3632401,32.5501312],[35.3632032,32.550133],[35.3631834,32.550134],[35.3631465,32.5501359],[35.3631354,32.5501365],[35.3631271,32.5501369],[35.3630903,32.5501388],[35.3630709,32.5501399],[35.3630341,32.5501419],[35.3630147,32.550143],[35.3629779,32.5501451],[35.3629583,32.5501462],[35.3629214,32.5501484],[35.3629021,32.5501496],[35.3628652,32.5501518],[35.3628456,32.550153],[35.3628088,32.5501553],[35.3627894,32.5501566],[35.3627526,32.550159],[35.3627333,32.5501602],[35.3626965,32.5501627],[35.3626768,32.550164],[35.36264,32.5501666],[35.3626207,32.5501679],[35.3625839,32.5501705],[35.3625645,32.5501719],[35.3625277,32.5501746],[35.3625081,32.550176],[35.3624714,32.5501788],[35.362452,32.5501802],[35.3624152,32.550183],[35.3623959,32.5501845],[35.3623591,32.5501874],[35.3623521,32.550188],[35.3623398,32.550189],[35.362303,32.5501919],[35.3622834,32.5501935],[35.3622466,32.5501965],[35.3622273,32.5501981],[35.3621906,32.5502012],[35.3621712,32.5502029],[35.3621345,32.5502061],[35.3621151,32.5502078],[35.3620784,32.550211],[35.3620588,32.5502128],[35.3620221,32.5502161],[35.362003,32.5502178],[35.3619663,32.5502212],[35.3619467,32.550223],[35.36191,32.5502265],[35.3618906,32.5502283],[35.3618539,32.5502318],[35.3618346,32.5502337],[35.3617979,32.5502373],[35.3617786,32.5502392],[35.3617419,32.5502429],[35.3617223,32.5502449],[35.3616857,32.5502486],[35.3616665,32.5502506],[35.3616299,32.5502544],[35.3616103,32.5502565],[35.3615724,32.5502605],[35.3615546,32.5502624],[35.361518,32.5502663],[35.3614983,32.5502685],[35.3614617,32.5502725],[35.3614427,32.5502746],[35.3614061,32.5502787],[35.3613867,32.5502809],[35.3613501,32.5502851],[35.3613305,32.5502873],[35.3612939,32.5502915],[35.3612748,32.5502938],[35.3612383,32.5502981],[35.3612187,32.5503004],[35.3611822,32.5503048],[35.3611631,32.5503071],[35.3611265,32.5503115],[35.3611072,32.5503139],[35.3610707,32.5503184],[35.3610513,32.5503209],[35.3610148,32.5503255],[35.3609957,32.5503279],[35.3609592,32.5503325],[35.3609396,32.5503351],[35.3609031,32.5503398],[35.360884,32.5503423],[35.3608476,32.5503471],[35.360829,32.5503495],[35.3607918,32.5503545],[35.3607724,32.5503571],[35.360736,32.5503621],[35.3607166,32.5503647],[35.3606802,32.5503697],[35.3606611,32.5503724],[35.3606247,32.5503775],[35.3606054,32.5503802],[35.3605689,32.5503853],[35.3605499,32.5503881],[35.3605135,32.5503933],[35.3604939,32.5503961],[35.3604575,32.5504014],[35.3604387,32.5504042],[35.3604023,32.5504096],[35.3603827,32.5504125],[35.3603464,32.5504179],[35.3603275,32.5504207],[35.3602912,32.5504263],[35.3602716,32.5504292],[35.3602353,32.5504348],[35.3602165,32.5504377],[35.3601802,32.5504434],[35.3601608,32.5504464],[35.3601245,32.5504521],[35.3601052,32.5504552],[35.360069,32.550461],[35.3600527,32.5504636],[35.3600136,32.5504699],[35.3599945,32.550473],[35.3599583,32.550479],[35.3599389,32.5504821],[35.3599027,32.5504881],[35.3598837,32.5504913],[35.3598474,32.5504974],[35.3598284,32.5505006],[35.3597922,32.5505068],[35.3597728,32.5505101],[35.3597367,32.5505163],[35.3597178,32.5505195],[35.3596817,32.5505258],[35.3596624,32.5505292],[35.3596262,32.5505355],[35.3596071,32.5505389],[35.359571,32.5505453],[35.359552,32.5505487],[35.3595159,32.5505552],[35.3594967,32.5505587],[35.3594607,32.5505653],[35.3594416,32.5505687],[35.3594056,32.5505754],[35.3593865,32.5505789],[35.3593504,32.5505856],[35.3593314,32.5505892],[35.3592953,32.5505959],[35.3592862,32.5505977],[35.3592762,32.5505995],[35.3592402,32.5506064],[35.3592212,32.55061],[35.3591852,32.5506169],[35.3591663,32.5506206],[35.3591303,32.5506276],[35.3591111,32.5506313],[35.3590751,32.5506384],[35.3590563,32.5506421],[35.3590203,32.5506492],[35.3590013,32.550653],[35.3589654,32.5506602],[35.3589463,32.550664],[35.3589104,32.5506713],[35.3588916,32.5506751],[35.3588557,32.5506825],[35.3588366,32.5506864],[35.3588008,32.5506938],[35.3587817,32.5506977],[35.3587459,32.5507052],[35.3587271,32.5507091],[35.3586912,32.5507167],[35.3586724,32.5507207],[35.3586366,32.5507283],[35.3586175,32.5507323],[35.3585818,32.55074],[35.3585628,32.5507441],[35.3585246,32.5507524],[35.3585081,32.550756],[35.3584724,32.5507638],[35.3584537,32.5507679],[35.3584179,32.5507758],[35.358399,32.55078],[35.3583633,32.550788],[35.3583444,32.5507922],[35.3583087,32.5508002],[35.3582898,32.5508045],[35.3582542,32.5508126],[35.3582354,32.5508169],[35.3581997,32.550825],[35.358181,32.5508294],[35.3581454,32.5508376],[35.3581263,32.550842],[35.3580907,32.5508503],[35.3580721,32.5508547],[35.3580366,32.5508631],[35.3580178,32.5508675],[35.3579823,32.5508759],[35.3579632,32.5508805],[35.3579277,32.550889],[35.3579091,32.5508934],[35.3578736,32.550902],[35.3578549,32.5509066],[35.3578198,32.5509167],[35.357801,32.5509213],[35.357765,32.5509294],[35.357747,32.5509343],[35.3577114,32.5509428],[35.3576924,32.5509474],[35.3576569,32.5509559],[35.3576382,32.5509604],[35.3576228,32.5509642],[35.3576028,32.5509692],[35.3575843,32.5509739],[35.3575489,32.5509828],[35.3575299,32.5509877],[35.3574946,32.5509969],[35.3574764,32.5510017],[35.3574411,32.5510109],[35.3574222,32.5510159],[35.357387,32.5510251],[35.357367,32.5510304],[35.3573332,32.5510397],[35.3573147,32.5510448],[35.3572796,32.5510544],[35.3572611,32.5510594],[35.3572253,32.5510674],[35.3572065,32.5510724],[35.3571713,32.5510819],[35.3571529,32.5510869],[35.3571177,32.5510964],[35.3570991,32.5511015],[35.3570639,32.5511111],[35.3570471,32.5511157],[35.3570104,32.5511258],[35.3569918,32.551131],[35.3569567,32.5511407],[35.3569382,32.5511459],[35.3569031,32.5511557],[35.3568847,32.5511609],[35.3568496,32.5511708],[35.356831,32.551176],[35.356796,32.551186],[35.3567775,32.5511912],[35.3567426,32.5512013],[35.3567243,32.5512065],[35.3566894,32.5512166],[35.3566706,32.551222],[35.3566357,32.5512322],[35.3566174,32.5512375],[35.3565825,32.5512477],[35.3565639,32.5512532],[35.3565291,32.5512635],[35.3565108,32.5512689],[35.356476,32.5512792],[35.3564574,32.5512848],[35.3564226,32.5512952],[35.3564044,32.5513007],[35.3563696,32.5513112],[35.3563511,32.5513168],[35.3563163,32.5513273],[35.3563054,32.5513307],[35.3562983,32.5513328],[35.3562636,32.5513435],[35.3562449,32.5513492],[35.3562102,32.5513599],[35.3561921,32.5513655],[35.3561574,32.5513762],[35.3561389,32.551382],[35.3561167,32.551389],[35.3512363,32.5525434],[35.3511524,32.5525636],[35.3509121,32.552626],[35.3493564,32.553051],[35.3493397,32.5530556],[35.3490853,32.5531294],[35.3488338,32.5532099],[35.3485854,32.5532971],[35.3483404,32.553391],[35.3480991,32.5534913],[35.3480193,32.5535262],[35.3455943,32.554602],[35.3454568,32.5546644],[35.3315398,32.5611147],[35.3315257,32.5611201],[35.3315061,32.5611276],[35.3314757,32.5611394],[35.3314559,32.561147],[35.3314255,32.5611588],[35.3314058,32.5611664],[35.3313755,32.5611783],[35.3313558,32.561186],[35.3313254,32.5611979],[35.3313059,32.5612056],[35.3312757,32.5612176],[35.3312559,32.5612255],[35.331223,32.5612386],[35.3312061,32.5612453],[35.3311759,32.5612574],[35.3311562,32.5612653],[35.331126,32.5612775],[35.3311065,32.5612854],[35.3310764,32.5612976],[35.3310568,32.5613056],[35.3310267,32.5613179],[35.3310072,32.5613259],[35.3309771,32.5613383],[35.3309578,32.5613463],[35.3309278,32.5613587],[35.3309081,32.5613669],[35.3308782,32.5613794],[35.3308588,32.5613875],[35.3308288,32.5614],[35.3308095,32.5614082],[35.3307796,32.5614208],[35.33076,32.5614291],[35.3307302,32.5614418],[35.3307109,32.56145],[35.330681,32.5614628],[35.3306617,32.5614711],[35.3306319,32.5614839],[35.3306188,32.5614895],[35.3306127,32.5614921],[35.330583,32.561505],[35.3305635,32.5615135],[35.3305338,32.5615264],[35.3305144,32.5615349],[35.3304847,32.5615479],[35.3304658,32.5615563],[35.3304361,32.5615693],[35.3304167,32.5615779],[35.3303871,32.5615911],[35.3303681,32.5615995],[35.3303385,32.5616128],[35.3303193,32.5616214],[35.3302898,32.5616346],[35.3302706,32.5616433],[35.3302411,32.5616566],[35.3302221,32.5616652],[35.3301926,32.5616786],[35.3301734,32.5616874],[35.330144,32.5617009],[35.3301249,32.5617096],[35.3300955,32.5617232],[35.3300767,32.5617319],[35.3300474,32.5617455],[35.3300282,32.5617543],[35.3299982,32.5617684],[35.32998,32.5617768],[35.3299508,32.5617906],[35.3299319,32.5617994],[35.3299027,32.5618132],[35.3298839,32.5618221],[35.3298547,32.561836],[35.3298356,32.561845],[35.3298065,32.5618589],[35.3297875,32.561868],[35.3297584,32.561882],[35.3297399,32.561891],[35.3297108,32.561905],[35.329692,32.5619141],[35.329663,32.5619282],[35.3296442,32.5619374],[35.3296152,32.5619515],[35.3295964,32.5619608],[35.3295675,32.561975],[35.3295488,32.5619842],[35.3295199,32.5619985],[35.3295012,32.5620078],[35.3294724,32.5620221],[35.3294535,32.5620315],[35.3294248,32.5620459],[35.3294158,32.5620504],[35.3294064,32.5620551],[35.3293776,32.5620696],[35.3293591,32.562079],[35.3293304,32.5620935],[35.3293117,32.562103],[35.3292831,32.5621176],[35.3292643,32.5621271],[35.3292357,32.5621418],[35.3292173,32.5621512],[35.3291888,32.5621659],[35.3291702,32.5621755],[35.3291417,32.5621903],[35.3291233,32.5621999],[35.3290948,32.5622147],[35.3290765,32.5622243],[35.329048,32.5622392],[35.3290293,32.562249],[35.3290009,32.562264],[35.3289828,32.5622735],[35.3289545,32.5622886],[35.3289361,32.5622983],[35.3289078,32.5623134],[35.3288893,32.5623233],[35.3288611,32.5623384],[35.3288438,32.5623477],[35.3288148,32.5623633],[35.3287964,32.5623733],[35.3287683,32.5623885],[35.32875,32.5623984],[35.3287219,32.5624138],[35.3287037,32.5624237],[35.3286756,32.5624391],[35.3286574,32.5624491],[35.3286294,32.5624645],[35.3286113,32.5624746],[35.3285833,32.5624901],[35.328565,32.5625002],[35.3285371,32.5625158],[35.3285192,32.5625258],[35.3284913,32.5625414],[35.3284733,32.5625516],[35.3284454,32.5625672],[35.3284274,32.5625775],[35.3283996,32.5625932],[35.3283815,32.5626035],[35.3283537,32.5626193],[35.328336,32.5626294],[35.3283083,32.5626453],[35.3282903,32.5626557],[35.3282626,32.5626716],[35.3282571,32.5626747],[35.3282447,32.562682],[35.3282171,32.5626979],[35.3281991,32.5627083],[35.3281716,32.5627244],[35.328154,32.5627347],[35.3281265,32.5627508],[35.3281085,32.5627613],[35.3280811,32.5627775],[35.3280632,32.562788],[35.3280358,32.5628042],[35.3280182,32.5628147],[35.3279909,32.562831],[35.3279732,32.5628415],[35.3279459,32.5628579],[35.3279281,32.5628685],[35.3279009,32.5628849],[35.3278831,32.5628956],[35.3278559,32.5629121],[35.3278385,32.5629227],[35.3278113,32.5629392],[35.3277937,32.5629499],[35.3277666,32.5629665],[35.3277489,32.5629773],[35.3277219,32.5629939],[35.3277094,32.5630016],[35.3277044,32.5630047],[35.3276774,32.5630214],[35.3276601,32.5630321],[35.3276331,32.5630489],[35.3276154,32.5630599],[35.3275885,32.5630767],[35.3275711,32.5630876],[35.3275443,32.5631044],[35.3275269,32.5631154],[35.3275001,32.5631323],[35.3274828,32.5631432],[35.3274561,32.5631602],[35.3274387,32.5631713],[35.327412,32.5631883],[35.3273946,32.5631994],[35.327368,32.5632165],[35.3273507,32.5632276],[35.3273241,32.5632448],[35.3273071,32.5632558],[35.3272805,32.563273],[35.3272633,32.5632842],[35.3272368,32.5633014],[35.3272195,32.5633128],[35.327193,32.5633301],[35.327176,32.5633413],[35.3271486,32.5633593],[35.3271323,32.5633701],[35.327106,32.5633875],[35.3270892,32.5633986],[35.3270629,32.5634161],[35.3270457,32.5634276],[35.3270195,32.5634451],[35.3270027,32.5634564],[35.3269765,32.563474],[35.3269593,32.5634856],[35.3269332,32.5635033],[35.3269165,32.5635146],[35.3268904,32.5635323],[35.3268734,32.5635439],[35.3268474,32.5635617],[35.3268305,32.5635732],[35.3268045,32.5635911],[35.3267878,32.5636026],[35.3267618,32.5636205],[35.3267451,32.5636321],[35.3267192,32.56365],[35.3267025,32.5636617],[35.3266767,32.5636797],[35.32666,32.5636913],[35.3266342,32.5637094],[35.3266254,32.5637156],[35.3266173,32.5637213],[35.3265916,32.5637394],[35.3265752,32.563751],[35.3265495,32.5637692],[35.326533,32.5637809],[35.3265074,32.5637992],[35.3264909,32.5638109],[35.3264653,32.5638292],[35.3264486,32.5638413],[35.3264231,32.5638596],[35.3264068,32.5638713],[35.3263814,32.5638897],[35.3263648,32.5639017],[35.3263394,32.5639202],[35.326323,32.5639322],[35.3262976,32.5639507],[35.3262815,32.5639625],[35.3262562,32.5639811],[35.3262398,32.5639932],[35.3262146,32.5640118],[35.326198,32.564024],[35.3261729,32.5640426],[35.3261569,32.5640546],[35.3261318,32.5640733],[35.3261159,32.5640851],[35.3260903,32.5641044],[35.3260743,32.5641164],[35.3260493,32.5641352],[35.326033,32.5641475],[35.326008,32.5641664],[35.325992,32.5641786],[35.3259671,32.5641975],[35.325951,32.5642098],[35.3259262,32.5642288],[35.3259101,32.5642412],[35.3258853,32.5642602],[35.3258693,32.5642726],[35.3258446,32.5642917],[35.3258287,32.564304],[35.3258041,32.5643231],[35.3257882,32.5643355],[35.3257636,32.5643546],[35.3257476,32.5643672],[35.325723,32.5643865],[35.3257073,32.5643989],[35.3256828,32.5644182],[35.3256668,32.5644308],[35.3256424,32.5644502],[35.3256269,32.5644625],[35.3256025,32.5644819],[35.325597,32.5644864],[35.3255866,32.5644947],[35.3255623,32.5645141],[35.3255464,32.5645269],[35.3255222,32.5645464],[35.3255066,32.5645589],[35.3254825,32.5645785],[35.3254669,32.5645911],[35.3254428,32.5646107],[35.3254271,32.5646236],[35.325403,32.5646432],[35.3253876,32.5646559],[35.3253636,32.5646756],[35.325348,32.5646884],[35.3253241,32.5647082],[35.3253086,32.564721],[35.3252847,32.5647408],[35.3252691,32.5647538],[35.3252453,32.5647737],[35.32523,32.5647865],[35.3252063,32.5648064],[35.3251907,32.5648194],[35.325167,32.5648394],[35.3251518,32.5648523],[35.3251282,32.5648723],[35.3251148,32.5648837],[35.3250893,32.5649054],[35.3250741,32.5649184],[35.3250505,32.5649385],[35.3250353,32.5649516],[35.3250119,32.5649718],[35.3249967,32.5649849],[35.3249733,32.5650051],[35.324958,32.5650183],[35.3249347,32.5650386],[35.3249197,32.5650516],[35.3248964,32.565072],[35.3248814,32.5650852],[35.3248581,32.5651055],[35.3248431,32.5651188],[35.32482,32.5651392],[35.324805,32.5651524],[35.3247819,32.5651729],[35.324767,32.5651862],[35.3247439,32.5652067],[35.3247289,32.5652202],[35.3247059,32.5652408],[35.3246912,32.565254],[35.3246683,32.5652746],[35.3246535,32.565288],[35.3246295,32.5653097],[35.3246158,32.5653221],[35.3245931,32.5653428],[35.3245783,32.5653563],[35.3245556,32.565377],[35.3245409,32.5653905],[35.3245182,32.5654113],[35.3245034,32.565425],[35.3244808,32.5654458],[35.3244663,32.5654593],[35.3244438,32.5654802],[35.3244292,32.5654938],[35.3244068,32.5655147],[35.3243922,32.5655284],[35.3243698,32.5655494],[35.3243553,32.565563],[35.324333,32.5655841],[35.3243185,32.5655977],[35.3242962,32.5656189],[35.3242819,32.5656325],[35.3242597,32.5656536],[35.3242452,32.5656675],[35.3242231,32.5656887],[35.3242087,32.5657025],[35.3241866,32.5657237],[35.3241786,32.5657314],[35.3241724,32.5657374],[35.3241504,32.5657587],[35.324136,32.5657727],[35.3241141,32.565794],[35.3240998,32.5658079],[35.3240779,32.5658293],[35.3240639,32.5658431],[35.3240421,32.5658645],[35.3240279,32.5658784],[35.3240061,32.5658999],[35.323992,32.5659139],[35.3239703,32.5659354],[35.3239563,32.5659494],[35.3239346,32.565971],[35.3239207,32.5659849],[35.3238992,32.5660066],[35.323885,32.5660208],[35.3238635,32.5660424],[35.3238498,32.5660563],[35.3238284,32.566078],[35.3238144,32.5660923],[35.323793,32.566114],[35.3237792,32.5661281],[35.3237579,32.5661499],[35.3237443,32.5661639],[35.3237229,32.5661859],[35.323709,32.5662003],[35.3236878,32.5662222],[35.3236743,32.5662362],[35.3236532,32.5662582],[35.3236395,32.5662724],[35.3236184,32.5662944],[35.3236048,32.5663088],[35.3235838,32.5663308],[35.3235703,32.566345],[35.3235494,32.5663671],[35.3235358,32.5663815],[35.3235149,32.5664037],[35.3235015,32.566418],[35.3234807,32.5664401],[35.3234671,32.5664547],[35.3234464,32.5664769],[35.3234331,32.5664912],[35.3234125,32.5665134],[35.3233992,32.5665278],[35.3233786,32.5665502],[35.3233651,32.5665648],[35.3233446,32.5665872],[35.3233315,32.5666015],[35.323311,32.5666239],[35.323306,32.5666295],[35.3232976,32.5666387],[35.3232772,32.5666611],[35.3232642,32.5666755],[35.3232439,32.566698],[35.3232307,32.5667127],[35.3232104,32.5667352],[35.3231975,32.5667497],[35.3231773,32.5667722],[35.323164,32.5667871],[35.3231439,32.5668097],[35.3231311,32.5668243],[35.323111,32.5668469],[35.3230979,32.5668617],[35.323078,32.5668845],[35.3230652,32.566899],[35.3230453,32.5669218],[35.3230323,32.5669367],[35.3230125,32.5669594],[35.3229998,32.5669741],[35.32298,32.5669969],[35.3229671,32.5670119],[35.3229474,32.5670348],[35.3229346,32.5670496],[35.322915,32.5670725],[35.3229037,32.5670858],[35.3228827,32.5671104],[35.3228702,32.5671251],[35.3228507,32.5671481],[35.3228381,32.5671631],[35.3228187,32.5671861],[35.322806,32.5672012],[35.3227866,32.5672243],[35.3227742,32.5672392],[35.3227549,32.5672623],[35.3227424,32.5672774],[35.3227232,32.5673005],[35.3227108,32.5673155],[35.3226917,32.5673387],[35.3226793,32.5673538],[35.3226602,32.5673771],[35.3226478,32.5673922],[35.3226288,32.5674155],[35.3226165,32.5674306],[35.3225976,32.5674539],[35.3225853,32.567469],[35.3225665,32.5674924],[35.3225542,32.5675077],[35.3225354,32.5675311],[35.3225234,32.5675461],[35.3225035,32.567571],[35.3224925,32.5675849],[35.3224738,32.5676084],[35.3224618,32.5676235],[35.3224432,32.5676471],[35.3224312,32.5676623],[35.3224127,32.5676859],[35.3224006,32.5677014],[35.3223821,32.5677251],[35.3223703,32.5677402],[35.322352,32.5677639],[35.3223401,32.5677792],[35.3223218,32.5678029],[35.3223099,32.5678183],[35.3222917,32.567842],[35.3222799,32.5678574],[35.3222618,32.5678812],[35.32225,32.5678966],[35.322232,32.5679204],[35.3222202,32.5679359],[35.3222022,32.5679598],[35.3221906,32.5679752],[35.3221726,32.5679991],[35.3221611,32.5680145],[35.3221432,32.5680384],[35.3221362,32.5680478],[35.3221316,32.5680541],[35.3221138,32.5680781],[35.3221023,32.5680936],[35.3220846,32.5681176],[35.3220731,32.5681332],[35.3220554,32.5681572],[35.322044,32.5681728],[35.3220265,32.5681969],[35.3220151,32.5682125],[35.3219975,32.5682367],[35.3219863,32.5682522],[35.3219688,32.5682764],[35.3219576,32.568292],[35.3219402,32.5683162],[35.3219289,32.568332],[35.3219116,32.5683562],[35.3219005,32.5683719],[35.3218833,32.5683962],[35.3218721,32.5684119],[35.321855,32.5684362],[35.3218438,32.5684521],[35.3218268,32.5684765],[35.3218158,32.5684921],[35.3217988,32.5685165],[35.3217878,32.5685323],[35.3217708,32.5685568],[35.32176,32.5685725],[35.3217431,32.568597],[35.3217321,32.568613],[35.3217153,32.5686375],[35.3217046,32.5686532],[35.3216879,32.5686777],[35.3216769,32.5686939],[35.3216603,32.5687185],[35.3216497,32.5687342],[35.3216331,32.5687588],[35.3216225,32.5687747],[35.321606,32.5687993],[35.3215952,32.5688154],[35.3215788,32.5688401],[35.3215682,32.5688561],[35.3215632,32.5688636],[35.3093463,32.5853249],[35.3066061,32.588975],[35.282203,32.5959308],[35.1965503,32.5668557],[35.1964769,32.566802],[35.1962681,32.5666584],[35.1960541,32.5665205],[35.195835,32.5663885],[35.1956111,32.5662623],[35.1953826,32.5661422],[35.1951498,32.5660282],[35.1949128,32.5659206],[35.1946719,32.5658193],[35.1944274,32.5657245],[35.1941795,32.5656363],[35.1939313,32.5655557],[35.1920158,32.5649622],[35.1918504,32.5649126],[35.1884729,32.5639329],[35.1881934,32.5637689],[35.1850018,32.5617963],[35.184541,32.561259],[35.1844195,32.5611208],[35.1844041,32.5611038],[35.1838925,32.5605397],[35.1837414,32.560378],[35.1837033,32.5603387],[35.1834272,32.5600557],[35.1832894,32.5599181],[35.1831476,32.5597834],[35.1830019,32.5596518],[35.1828524,32.5595233],[35.1827056,32.5594003],[35.1825883,32.5593039],[35.1825235,32.5592522],[35.1821885,32.5589876],[35.1820009,32.5588438],[35.1818084,32.5587048],[35.1810896,32.5582013],[35.1809327,32.558094],[35.1807729,32.5579899],[35.1806103,32.5578891],[35.1804763,32.5578081],[35.1803578,32.5577377],[35.180185,32.5576395],[35.1800472,32.5575633],[35.1799962,32.5575353],[35.179888,32.5574784],[35.179857,32.5573327],[35.179822,32.5571875],[35.1797831,32.5570431],[35.1797577,32.5569523],[35.1797108,32.5567927],[35.1796596,32.5566341],[35.1796042,32.5564765],[35.1795715,32.5563873],[35.1795118,32.5562308],[35.1794479,32.5560754],[35.1793798,32.5559214],[35.17934,32.5558343],[35.1792679,32.5556816],[35.1791916,32.5555304],[35.1791113,32.5553806],[35.1790645,32.555296],[35.1789802,32.5551479],[35.1788919,32.5550014],[35.1787997,32.5548567],[35.1787463,32.554775],[35.1786502,32.5546321],[35.1785503,32.5544911],[35.1784466,32.554352],[35.1783867,32.5542736],[35.1782793,32.5541366],[35.1781682,32.5540017],[35.1780536,32.5538689],[35.1779875,32.5537942],[35.1778693,32.5536637],[35.1777476,32.5535355],[35.1776225,32.5534098],[35.1775505,32.553339],[35.1774221,32.5532157],[35.1772903,32.5530948],[35.1771553,32.5529765],[35.1770778,32.5529101],[35.1769397,32.5527945],[35.1767986,32.5526816],[35.1766544,32.5525715],[35.1765717,32.5525097],[35.1764246,32.5524024],[35.1762746,32.5522979],[35.1761218,32.5521963],[35.1760343,32.5521394],[35.1758516,32.5520241],[35.1756652,32.551913],[35.175561,32.5517684],[35.1754527,32.551626],[35.1753402,32.5514859],[35.1752237,32.5513483],[35.1751551,32.5512692],[35.1750358,32.5511348],[35.1749128,32.5510028],[35.1747862,32.5508733],[35.1747114,32.5507984],[35.1745813,32.5506714],[35.1744477,32.5505471],[35.1743107,32.5504253],[35.1742299,32.5503551],[35.1740896,32.5502361],[35.1739461,32.55012],[35.1737994,32.5500066],[35.173713,32.5499414],[35.1735632,32.549831],[35.1734105,32.5497236],[35.1732548,32.5496192],[35.1731632,32.5495592],[35.1730053,32.5494583],[35.1729154,32.5494041],[35.1723108,32.5484849],[35.1722118,32.548333],[35.1721227,32.5481996],[35.1720616,32.5481118],[35.1719478,32.5479509],[35.1718703,32.5478435],[35.1717884,32.5477343],[35.1716679,32.5475769],[35.1716041,32.5474948],[35.1714996,32.5473653],[35.1713727,32.5472116],[35.1713244,32.5471537],[35.1711956,32.5470051],[35.1710623,32.5468553],[35.1710314,32.5468207],[35.1708966,32.5466751],[35.1701,32.5458364],[35.1700682,32.5458032],[35.17,32.5457332],[35.1699619,32.5456945],[35.1699191,32.5456142],[35.1692707,32.544337],[35.1691658,32.5441385],[35.1690537,32.5439427],[35.1683363,32.5427355],[35.1682277,32.542559],[35.1681425,32.5424281],[35.1677548,32.5418475],[35.1676355,32.5416745],[35.1675106,32.5415043],[35.1669946,32.5408228],[35.1669086,32.5407115],[35.1668737,32.5406677],[35.1664688,32.540162],[35.1664319,32.5401162],[35.1662879,32.5399394],[35.1662069,32.5398416],[35.1661358,32.5397585],[35.1659855,32.5395855],[35.1658969,32.5394854],[35.1658268,32.5394087],[35.1656702,32.5392397],[35.1655739,32.5391376],[35.1655052,32.539067],[35.1653426,32.5389022],[35.1652383,32.5387985],[35.1651714,32.538734],[35.1650029,32.5385735],[35.1648904,32.5384684],[35.1648256,32.5384098],[35.1646514,32.5382537],[35.1645304,32.5381476],[35.1644682,32.5380947],[35.1642884,32.5379433],[35.1641589,32.5378365],[35.1640996,32.5377892],[35.1639143,32.5376425],[35.1638063,32.5375585],[35.1625175,32.5365729],[35.1624955,32.5365561],[35.1605022,32.5350423],[35.1604223,32.534967],[35.159855,32.5343412],[35.1597046,32.5341801],[35.1596428,32.5341166],[35.1589206,32.5333825],[35.1587668,32.5332304],[35.158608,32.533082],[35.1575161,32.5320897],[35.1573525,32.531945],[35.157287,32.5318894],[35.1552384,32.530166],[35.1552198,32.5301471],[35.15516,32.5300831],[35.1551023,32.5300179],[35.1550632,32.5299715],[35.1545943,32.5293026],[35.1544656,32.5291249],[35.1543308,32.5289503],[35.1541902,32.5287792],[35.1540437,32.5286115],[35.1532064,32.5276814],[35.1530862,32.527551],[35.1529625,32.527423],[35.1528354,32.5272975],[35.1519799,32.5264718],[35.1518317,32.5263325],[35.1516727,32.5261907],[35.1503104,32.5250088],[35.1502838,32.5249858],[35.1502615,32.5249667],[35.1449256,32.520412],[35.1447908,32.5202994],[35.144653,32.5201894],[35.1445123,32.520082],[35.1442883,32.5199147],[35.1441316,32.5198005],[35.1441262,32.5197966],[35.1438974,32.5196342],[35.1437318,32.5195197],[35.1434982,32.5193621],[35.1434605,32.5193368],[35.1433293,32.5192511],[35.1430911,32.5190986],[35.1430084,32.5190463],[35.142919,32.5189912],[35.1426763,32.5188438],[35.1425469,32.5187667],[35.1425011,32.5187402],[35.1422542,32.518598],[35.142076,32.5184981],[35.1418248,32.5183611],[35.1416437,32.5182651],[35.1414095,32.5181443],[35.1412037,32.5180368],[35.1411153,32.5179912],[35.1409975,32.5179324],[35.1407672,32.5178196],[35.1406524,32.5177644],[35.1405576,32.5177202],[35.1403236,32.517613],[35.1401816,32.5175493],[35.1401108,32.5175186],[35.1398733,32.517417],[35.1397035,32.5173463],[35.1396574,32.5173278],[35.1394167,32.5172318],[35.1392184,32.5171554],[35.1391979,32.5171478],[35.1389541,32.5170577],[35.1387326,32.5169789],[35.1384858,32.5168946],[35.1384801,32.5168927],[35.1382618,32.5168212],[35.1380124,32.5167428],[35.1379797,32.5167327],[35.137786,32.5166748],[35.1375341,32.5166025],[35.137474,32.5165854],[35.1373055,32.5165398],[35.1370512,32.5164735],[35.1369632,32.516451],[35.1368207,32.5164164],[35.1365643,32.5163562],[35.1364479,32.5163296],[35.1363319,32.5163046],[35.1360737,32.5162506],[35.1359286,32.5162213],[35.1358397,32.5162046],[35.1355797,32.5161567],[35.1353644,32.5161195],[35.135148,32.516087],[35.1349306,32.5160593],[35.1347125,32.5160364],[35.1342783,32.5159955],[35.1342128,32.5159032],[35.1341433,32.5158069],[35.1339977,32.5156155],[35.133845,32.515428],[35.1336854,32.5152448],[35.1335182,32.515065],[35.1330871,32.5146165],[35.132955,32.5144824],[35.1328192,32.514351],[35.1326796,32.5142225],[35.1325363,32.5140969],[35.1323922,32.5139735],[35.1322153,32.5138264],[35.1321622,32.5137839],[35.1320127,32.5136652],[35.1318684,32.5135532],[35.1317745,32.5134831],[35.1316198,32.5133692],[35.1315106,32.5132902],[35.1313736,32.5131949],[35.131214,32.5130861],[35.1311424,32.5130378],[35.1309602,32.5129197],[35.1307959,32.512816],[35.1306663,32.5127359],[35.1305349,32.5126578],[35.1303661,32.5125595],[35.1301528,32.5124393],[35.1300982,32.5124098],[35.1299252,32.5123169],[35.1297515,32.5122262],[35.1296509,32.5121759],[35.1294738,32.5120886],[35.1293418,32.5120249],[35.1291934,32.5119564],[35.1290126,32.5118748],[35.1289241,32.5118355],[35.1287265,32.5117516],[35.1285422,32.5116759],[35.1284991,32.5116584],[35.1282528,32.5115627],[35.1280633,32.5114922],[35.1278195,32.5114053],[35.127767,32.5113876],[35.1276184,32.5113379],[35.1269981,32.5105209],[35.1269205,32.5104205],[35.1267678,32.5102331],[35.1266083,32.5100498],[35.1264419,32.5098709],[35.126269,32.5096966],[35.1260897,32.5095269],[35.1259346,32.5093885],[35.1250777,32.5086435],[35.1250473,32.5086172],[35.1248557,32.5084575],[35.1246583,32.508303],[35.1244552,32.5081538],[35.1244424,32.5081447],[35.1231063,32.507198],[35.1209717,32.50568],[35.1207644,32.5055373],[35.1206237,32.5054454],[35.1202453,32.5052037],[35.1201723,32.5051576],[35.1201244,32.5051279],[35.1197411,32.5048919],[35.1196187,32.5048179],[35.1192305,32.5045877],[35.1191819,32.5045591],[35.1191065,32.5045156],[35.1187136,32.5042912],[35.1185882,32.5042209],[35.1181906,32.5040024],[35.1181678,32.5039899],[35.1180637,32.503934],[35.1176617,32.5037216],[35.1175355,32.5036561],[35.117127,32.5034487],[35.1169974,32.5033841],[35.1165867,32.5031838],[35.1164879,32.5031363],[35.1164558,32.5031212],[35.116041,32.502927],[35.1159088,32.5028664],[35.1154901,32.5026785],[35.1154178,32.5026465],[35.1153565,32.5026199],[35.114934,32.5024383],[35.1147993,32.5023816],[35.114373,32.5022064],[35.1143283,32.5021881],[35.1142371,32.5021518],[35.1138072,32.5019829],[35.1136703,32.5019304],[35.1132369,32.501768],[35.1132208,32.5017619],[35.1130989,32.5017174],[35.1126622,32.5015616],[35.1125365,32.5015177],[35.1125232,32.5015131],[35.1120833,32.5013638],[35.1119433,32.5013175],[35.1115004,32.5011747],[35.1114029,32.5011439],[35.1113594,32.5011305],[35.1109136,32.5009944],[35.1107717,32.5009523],[35.1103232,32.5008229],[35.1102549,32.5008035],[35.1101804,32.5007829],[35.1097293,32.5006603],[35.1095857,32.5006224],[35.109132,32.5005066],[35.1090936,32.5004968],[35.1089877,32.5004709],[35.1085317,32.5003618],[35.1083866,32.5003283],[35.1079284,32.500226],[35.1079206,32.5002243],[35.1077827,32.5001947],[35.1073225,32.5000993],[35.1071994,32.5000747],[35.1071761,32.5000702],[35.1067139,32.4999817],[35.106567,32.4999547],[35.106103,32.4998732],[35.1060104,32.4998574],[35.1059555,32.4998484],[35.10549,32.4997739],[35.105342,32.4997513],[35.1048749,32.4996837],[35.1048133,32.499675],[35.1047265,32.4996634],[35.1043078,32.4996092],[35.0998724,32.4989898],[35.0924477,32.4979278],[35.0923124,32.4978362],[35.092174,32.4977478],[35.0920328,32.4976628],[35.0917785,32.497511],[35.0917096,32.4974702],[35.0916071,32.4974112],[35.0913486,32.4972647],[35.0912274,32.4971973],[35.0911743,32.4971685],[35.0909116,32.4970274],[35.0907356,32.4969354],[35.0904679,32.4967992],[35.0902883,32.4967104],[35.0900178,32.4965803],[35.0899668,32.496556],[35.0898357,32.4964952],[35.0895615,32.4963708],[35.089456,32.4963236],[35.089377,32.4962894],[35.0890993,32.4961707],[35.0889377,32.4961034],[35.0889125,32.4960933],[35.0886315,32.4959803],[35.0884425,32.4959067],[35.0881583,32.4957996],[35.0881282,32.4957884],[35.0879673,32.49573],[35.0876801,32.4956288],[35.0875934,32.4955987],[35.0873426,32.495517],[35.0870888,32.495442],[35.0868324,32.4953738],[35.0865736,32.4953125],[35.0863126,32.4952581],[35.0862651,32.495249],[35.0853573,32.4950775],[35.0851591,32.4950421],[35.08496,32.4950108],[35.0847601,32.4949834],[35.0840238,32.4948904],[35.0839634,32.4948829],[35.0822749,32.49468],[35.0822396,32.4946758],[35.0799147,32.4944047],[35.0796822,32.4943804],[35.0794491,32.4943614],[35.0783539,32.4942854],[35.0782845,32.4942809],[35.0764457,32.4941661],[35.075955,32.4941236],[35.0756748,32.4940743],[35.0719566,32.4931716],[35.0718734,32.4931518],[35.0716618,32.4931024],[35.0715471,32.4930731],[35.0714333,32.4930416],[35.0713204,32.4930078],[35.0712084,32.4929718],[35.0710975,32.4929336],[35.0709876,32.4928932],[35.0709483,32.4928778],[35.067404,32.4908629],[35.0647529,32.48934],[35.0614249,32.4872297],[35.0573618,32.4844978],[35.0543118,32.482431],[35.0542856,32.4824134],[35.048336,32.4784136],[35.0483157,32.4784],[35.0481021,32.4782619],[35.0478834,32.4781295],[35.04766,32.4780031],[35.0475621,32.4779504],[35.0470123,32.4776587],[35.0468821,32.477591],[35.0466496,32.4774768],[35.0464131,32.4773688],[35.0461726,32.4772672],[35.0459284,32.4771721],[35.0458683,32.4771499],[35.0449808,32.4768254],[35.0447935,32.4767591],[35.0445721,32.4766865],[35.0441744,32.4765613],[35.044145,32.4765521],[35.0438914,32.476477],[35.043635,32.4764087],[35.0433763,32.4763473],[35.0431154,32.4762929],[35.0428526,32.4762455],[35.0426791,32.4762182],[35.0260897,32.4737571],[35.0259159,32.4737309],[35.0258642,32.4737232],[35.0258251,32.4737174],[34.9174323,32.4581574],[34.9151901,32.4550947],[34.9152766,32.4548288],[34.9176005,32.4493124],[34.917639,32.4492191],[34.9177218,32.4490024],[34.9177966,32.4487837],[34.9178632,32.448563],[34.9178916,32.4484586],[34.9187744,32.4451074],[34.9188043,32.4449894],[34.9188543,32.4447657],[34.9188959,32.4445407],[34.9189292,32.4443146],[34.918954,32.4440879],[34.9189704,32.4438605],[34.9189783,32.4436328],[34.9189777,32.4434051],[34.9189686,32.4431774],[34.9189598,32.44305],[34.9187447,32.4403402],[34.9187261,32.4401455],[34.9187013,32.4399514],[34.9186703,32.4397579],[34.9173886,32.4324889],[34.917351,32.4322939],[34.9173125,32.432122],[34.912867,32.4135254],[34.9120286,32.408678],[34.9119876,32.4084637],[34.9119365,32.4082401],[34.9118771,32.408018],[34.9118095,32.4077976],[34.9117337,32.4075791],[34.9116497,32.4073627],[34.9115578,32.4071487],[34.911458,32.4069373],[34.9113503,32.4067286],[34.9113168,32.4066671],[34.9111998,32.4064551],[34.910902,32.404992],[34.9110126,32.4018994],[34.9110157,32.4017793],[34.9110159,32.4017686],[34.9111456,32.3927541],[34.9114487,32.3921155],[34.9115163,32.3919686],[34.9116039,32.3917623],[34.9131648,32.3879033],[34.913168,32.3878953],[34.9132508,32.3876787],[34.9133256,32.3874599],[34.9133921,32.3872392],[34.9134011,32.387207],[34.916329,32.3766007],[34.9163783,32.3764105],[34.9164283,32.3761868],[34.9164699,32.3759618],[34.9165032,32.3757357],[34.9165248,32.3755427],[34.9173862,32.3665926],[34.9173894,32.3665588],[34.9174057,32.3663315],[34.9174136,32.3661038],[34.9174131,32.3658761],[34.917404,32.3656484],[34.9173865,32.3654211],[34.9173841,32.3653968],[34.9169088,32.3606308],[34.9168852,32.3604285],[34.9168605,32.360261],[34.9160541,32.3552604],[34.9159474,32.3470249],[34.9159465,32.3469752],[34.9159375,32.3467475],[34.91592,32.3465203],[34.915894,32.3462936],[34.9158815,32.3462045],[34.9123349,32.3222481],[34.9123214,32.3221591],[34.9123002,32.3220222],[34.9122744,32.3218839],[34.9122578,32.3217973],[34.8994914,32.2560516],[34.8994739,32.2559651],[34.8994557,32.2558807],[34.8908413,32.2172703],[34.8908085,32.217131],[34.8907493,32.2169089],[34.8906819,32.2166884],[34.8906063,32.2164699],[34.8905227,32.2162535],[34.890431,32.2160395],[34.8903314,32.215828],[34.8902241,32.2156193],[34.890109,32.2154136],[34.8899864,32.2152111],[34.8898563,32.215012],[34.8897189,32.2148164],[34.8895743,32.2146247],[34.8894226,32.2144369],[34.8892641,32.2142533],[34.8890988,32.214074],[34.8889269,32.2138993],[34.8887486,32.2137293],[34.8885641,32.2135641],[34.888374,32.2134043],[34.86331,32.192984],[34.8862938,32.1978381],[34.8865567,32.1978899],[34.8868195,32.1979341],[34.8870838,32.1979713],[34.8873493,32.1980014],[34.8876159,32.1980243],[34.8878831,32.1980401],[34.8881508,32.1980487],[34.8884187,32.1980501],[34.8886864,32.1980443],[34.8889539,32.1980313],[34.8892207,32.1980111],[34.8894867,32.1979838],[34.8897515,32.1979494],[34.8900149,32.1979078],[34.8902766,32.1978593],[34.8905364,32.1978037],[34.8907939,32.1977412],[34.8910491,32.1976718],[34.8913015,32.1975955],[34.891551,32.1975126],[34.8917973,32.197423],[34.8920401,32.1973268],[34.8922792,32.1972241],[34.8925144,32.1971151],[34.8927455,32.1969998],[34.8929721,32.1968784],[34.8931941,32.1967509],[34.8934113,32.1966176],[34.8936234,32.1964785],[34.8938302,32.1963337],[34.8940316,32.1961835],[34.8942273,32.196028],[34.8944171,32.1958673],[34.8946009,32.1957015],[34.8947784,32.1955309],[34.8949494,32.1953557],[34.8951139,32.1951759],[34.8952717,32.1949918],[34.8954225,32.1948036],[34.8955662,32.1946114],[34.8957028,32.1944154],[34.895832,32.1942159],[34.8959537,32.194013],[34.8960679,32.1938069],[34.8961743,32.1935979],[34.8962729,32.1933861],[34.8963636,32.1931718],[34.8964463,32.1929552],[34.896521,32.1927364],[34.8965874,32.1925157],[34.8966457,32.1922934],[34.8966956,32.1920696],[34.8967372,32.1918446],[34.8967572,32.1917118],[34.8967708,32.1916186],[34.9025676,32.1512889],[34.9025868,32.151156],[34.9026001,32.1510628],[34.9026249,32.150836],[34.9026413,32.1506087],[34.9026492,32.150381],[34.9026487,32.1501532],[34.9026398,32.1499256],[34.9026224,32.1496983],[34.9025966,32.1494715],[34.9025623,32.1492456],[34.9025197,32.1490208],[34.9024688,32.1487971],[34.9024096,32.148575],[34.9023422,32.1483546],[34.9022667,32.148136],[34.9021831,32.1479197],[34.9020915,32.1477056],[34.901992,32.1474942],[34.9018847,32.1472855],[34.9017697,32.1470798],[34.9016471,32.1468773],[34.9015171,32.1466781],[34.9013798,32.1464826],[34.9012353,32.1462909],[34.9010837,32.1461031],[34.9009253,32.1459195],[34.9007601,32.1457403],[34.9006898,32.1456682],[34.9005889,32.1455651],[34.857349,32.1012936],[34.8935271,32.0118881],[34.8935647,32.0117971],[34.8935702,32.0117839],[34.9508517,31.8758183],[34.9918135,31.8443681],[35.0250808,31.8261242],[35.0779131,31.8069123],[35.1438334,31.8058659],[35.2031361,31.836456],[35.203273,31.8365251],[35.203506,31.836636],[35.203743,31.8367405],[35.2039838,31.8368387],[35.204228,31.8369303],[35.2044756,31.8370152],[35.2047261,31.8370935],[35.2049795,31.8371649],[35.2052353,31.8372295],[35.2054934,31.8372872],[35.2057535,31.8373378],[35.2060154,31.8373815],[35.2062787,31.837418],[35.2065432,31.8374475],[35.2068088,31.8374698],[35.207075,31.8374849],[35.2073416,31.8374929],[35.2076084,31.8374936],[35.2078751,31.8374872],[35.2081414,31.8374736],[35.2084071,31.8374528],[35.2086718,31.8374249],[35.2089013,31.8373948],[35.2694711,31.8287049],[35.3212706,31.8584471],[35.3284702,31.9574939],[35.3264008,31.9848073],[35.3263971,31.9848583],[35.326386,31.9850858],[35.3263833,31.9853136],[35.3263891,31.9855412],[35.3264032,31.9857687],[35.3264258,31.9859956],[35.3264568,31.9862218],[35.3264962,31.986447],[35.3265439,31.9866711],[35.3265998,31.9868938],[35.326664,31.9871149],[35.3267363,31.9873341],[35.3268167,31.9875513],[35.3269052,31.9877662],[35.3270015,31.9879786],[35.3271057,31.9881883],[35.3272175,31.9883952],[35.327337,31.9885989],[35.3274423,31.988766],[35.3487999,32.0216281],[35.3587536,32.0439532],[35.3588215,32.0441004],[35.3589258,32.0443101],[35.3590378,32.0445168],[35.3591574,32.0447205],[35.3592845,32.0449209],[35.359419,32.0451177],[35.3595607,32.0453108],[35.3597095,32.0455],[35.3598653,32.0456851],[35.3600278,32.0458659],[35.3601969,32.0460423],[35.3603725,32.0462141],[35.3605544,32.046381],[35.3607424,32.0465429],[35.3609363,32.0466998],[35.3611359,32.0468513],[35.361341,32.0469974],[35.3615514,32.0471379],[35.3617669,32.0472726],[35.3619874,32.0474015],[35.3622125,32.0475245],[35.362442,32.0476413],[35.3626757,32.0477518],[35.3629135,32.0478561],[35.3631549,32.0479538],[35.3633999,32.0480451],[35.3636482,32.0481297],[35.3638994,32.0482076],[35.3641534,32.0482787],[35.36441,32.0483429],[35.3646687,32.0484002],[35.3649295,32.0484505],[35.365192,32.0484938],[35.365456,32.04853],[35.3657212,32.0485591],[35.3659807,32.0485806],[35.4586743,32.0549927],[35.4843304,32.0829359],[35.5245268,32.1755064],[35.5404384,32.213939],[35.5405978,32.2879516],[35.53444,32.3243487],[35.5206393,32.3833281],[35.5206163,32.3834304],[35.520572,32.383655],[35.520536,32.3838807],[35.5205085,32.3841072],[35.5204894,32.3843343],[35.5204867,32.384378],[35.5181771,32.424092],[35.5181692,32.4242759],[35.5181671,32.4245036],[35.5181734,32.4247312],[35.5181882,32.4249586],[35.5181958,32.4250422],[35.5246796,32.491433],[35.4896901,32.506822],[35.4894928,32.5069115],[35.4892597,32.5070248],[35.4890309,32.5071442],[35.4888067,32.5072697],[35.4885873,32.5074012],[35.4883729,32.5075384],[35.4883507,32.5075531],[35.4813953,32.512184],[35.4778225,32.5143934],[35.477606,32.5145319],[35.4775835,32.5145469],[35.4755976,32.515869],[35.4683204,32.5195201],[35.4623763,32.5224436],[35.4587221,32.5242362],[35.4559669,32.525589],[35.4380176,32.5329892],[35.4216511,32.5396022],[35.4191285,32.5399223],[35.3971596,32.5421354],[35.3971016,32.5421414],[35.3968355,32.5421734],[35.3965706,32.5422125],[35.3963074,32.5422586],[35.3960459,32.5423118],[35.3957867,32.5423719],[35.3956616,32.5424036],[35.3930948,32.5430721],[35.3928648,32.543135],[35.3926369,32.5432035],[35.3924115,32.5432774],[35.3792201,32.5477841],[35.3735035,32.549587],[35.3733361,32.5496415],[35.3733109,32.54965],[35.3706108,32.5505652],[35.370601,32.5505664],[35.3705918,32.5505674],[35.3705818,32.5505685],[35.370572,32.5505695],[35.3705625,32.5505705],[35.370553,32.5505715],[35.3705431,32.5505725],[35.3705331,32.5505734],[35.3705237,32.5505743],[35.3705139,32.5505753],[35.3705038,32.5505762],[35.3704945,32.550577],[35.3704844,32.5505779],[35.3704747,32.5505787],[35.370465,32.5505795],[35.3704555,32.5505802],[35.3704455,32.550581],[35.3704355,32.5505818],[35.3704261,32.5505825],[35.3704164,32.5505831],[35.3704063,32.5505838],[35.3703967,32.5505845],[35.370387,32.5505851],[35.3703777,32.5505857],[35.3703676,32.5505863],[35.3703578,32.5505868],[35.3703478,32.5505874],[35.3703382,32.5505879],[35.3703283,32.5505884],[35.3703185,32.5505889],[35.3703089,32.5505893],[35.3702989,32.5505897],[35.3702894,32.5505901],[35.3702793,32.5505905],[35.3702693,32.5505909],[35.3702601,32.5505912],[35.37025,32.5505916],[35.3702406,32.5505918],[35.3702304,32.5505921],[35.3702208,32.5505924],[35.3702111,32.5505926],[35.3702012,32.5505928]],[[35.338175,31.8580185],[35.3918683,31.8256458],[35.4584415,31.7969224],[35.4921426,31.7966593],[35.5177179,31.8305471],[35.506832,31.8832125],[35.4589612,31.9020644],[35.4588937,31.9020913],[35.4586542,31.9021918],[35.4584184,31.9022986],[35.4581868,31.9024118],[35.4579594,31.9025311],[35.4577366,31.9026565],[35.4575185,31.9027878],[35.4573054,31.9029249],[35.4570974,31.9030678],[35.4568949,31.9032161],[35.4566979,31.9033698],[35.4565068,31.9035287],[35.4563216,31.9036928],[35.4561425,31.9038617],[35.4559698,31.9040353],[35.4558037,31.9042136],[35.4556441,31.9043962],[35.4554915,31.904583],[35.4553458,31.9047738],[35.4552073,31.9049684],[35.455076,31.9051667],[35.4549521,31.9053685],[35.4548358,31.9055734],[35.4547271,31.9057814],[35.4546261,31.9059922],[35.454533,31.9062057],[35.4544479,31.9064215],[35.4543707,31.9066395],[35.4543017,31.9068595],[35.4542409,31.9070812],[35.4541882,31.9073045],[35.4541439,31.907529],[35.4541079,31.9077547],[35.4540803,31.9079812],[35.4540611,31.9082083],[35.4540503,31.9084359],[35.4540478,31.9086377],[35.4545595,32.0402372],[35.3726869,32.034573],[35.3644137,32.016023],[35.3643951,32.0159817],[35.3642947,32.0157706],[35.3641866,32.0155624],[35.3640708,32.0153571],[35.3639474,32.0151551],[35.3639047,32.0150886],[35.3434515,31.9836266],[35.3453908,31.9579667],[35.3454011,31.957802],[35.3454079,31.9575744],[35.3454063,31.9573466],[35.3453963,31.957119],[35.345392,31.957055],[35.338175,31.8580185]],[[35.4486245,31.7849969],[35.3866631,31.8117291],[35.327112,31.7969721],[35.3270816,31.7969647],[35.326855,31.7969112],[35.3265959,31.7968573],[35.326335,31.7968104],[35.3260724,31.7967705],[35.3258086,31.7967377],[35.3255436,31.7967121],[35.3252778,31.7966936],[35.3250115,31.7966823],[35.3247449,31.7966782],[35.3244782,31.7966813],[35.3242118,31.7966915],[35.323946,31.796709],[35.3236809,31.7967336],[35.3234168,31.7967653],[35.323154,31.7968041],[35.3228929,31.79685],[35.3226335,31.796903],[35.3223762,31.7969628],[35.3221213,31.7970296],[35.3218689,31.7971033],[35.3217364,31.7971456],[35.3216193,31.7971833],[35.269177,31.8141171],[35.2091913,31.8227241],[35.1504839,31.79244],[35.150462,31.7924288],[35.1502312,31.7923146],[35.1499963,31.7922068],[35.1497576,31.7921053],[35.1495152,31.7920103],[35.1492694,31.7919219],[35.1490205,31.7918402],[35.1487687,31.7917652],[35.1485143,31.7916971],[35.1482574,31.7916358],[35.1479984,31.7915815],[35.1477376,31.7915342],[35.1474751,31.791494],[35.1472113,31.7914609],[35.1469464,31.7914349],[35.1466806,31.791416],[35.1464143,31.7914043],[35.1461477,31.7913998],[35.1459548,31.7914011],[35.0775386,31.7924872],[35.0159733,31.7731986],[34.9886146,31.750654],[34.9679299,31.7040891],[34.967922,31.7040715],[34.9678229,31.7038601],[34.967716,31.7036514],[34.9676015,31.7034458],[34.9674794,31.7032433],[34.96735,31.7030442],[34.9672132,31.7028487],[34.9670693,31.702657],[34.9669184,31.7024693],[34.9667606,31.7022857],[34.9665961,31.7021065],[34.9664251,31.7019318],[34.9662478,31.7017619],[34.9660642,31.7015968],[34.9658747,31.7014367],[34.9656793,31.7012818],[34.9654783,31.7011323],[34.9652719,31.7009883],[34.9650602,31.7008499],[34.9648436,31.7007173],[34.9646222,31.7005906],[34.9643962,31.70047],[34.9641659,31.7003555],[34.964041,31.7002968],[34.9514307,31.6944902],[34.9003903,31.6030079],[34.9003373,31.6029147],[34.9002155,31.6027121],[34.9000864,31.6025129],[34.8999499,31.6023174],[34.8998063,31.6021256],[34.8996557,31.6019378],[34.8994982,31.6017541],[34.8993341,31.6015748],[34.8991634,31.6014],[34.8989863,31.6012299],[34.8988031,31.6010647],[34.8986138,31.6009045],[34.8984188,31.6007495],[34.8982181,31.6005999],[34.898012,31.6004557],[34.8978007,31.6003172],[34.8975844,31.6001845],[34.8973633,31.6000577],[34.8971377,31.5999369],[34.8969077,31.5998223],[34.8966736,31.5997139],[34.8964356,31.599612],[34.8961939,31.5995165],[34.8959489,31.5994275],[34.8957007,31.5993453],[34.8955393,31.5992959],[34.7838666,31.5661417],[34.7742055,31.4443377],[34.7892759,31.4307064],[34.789374,31.430616],[34.7895065,31.4304885],[34.7895504,31.4304457],[34.8334206,31.38734],[34.8334642,31.3872968],[34.8335026,31.3872582],[34.9042314,31.3155127],[34.9359615,31.3217148],[35.1046447,31.3633048],[35.3908429,31.4705465],[35.3940834,31.558841],[35.3940852,31.5588857],[35.3940994,31.5591131],[35.394122,31.55934],[35.3941529,31.5595662],[35.3941922,31.5597915],[35.3942397,31.5600156],[35.3942955,31.5602382],[35.3943427,31.560404],[35.4415524,31.7179076],[35.4415693,31.7179629],[35.4416417,31.7181821],[35.4417221,31.7183992],[35.4418105,31.718614],[35.4419067,31.7188264],[35.4419172,31.7188484],[35.4548721,31.7458703],[35.4486245,31.7849969]],[[34.9715664,31.3154995],[35.127458,31.2845305],[35.1276763,31.2844843],[35.1278931,31.2844332],[35.1281082,31.284377],[35.2090697,31.2622002],[35.3795703,31.3335319],[35.3720073,31.4295087],[35.372002,31.4295819],[35.3719909,31.4298094],[35.3719883,31.4300372],[35.371994,31.4302649],[35.3720081,31.4304923],[35.3720306,31.4307192],[35.3720614,31.4309454],[35.3721006,31.4311707],[35.372148,31.4313948],[35.3722036,31.4316175],[35.3722674,31.4318386],[35.3723394,31.4320578],[35.3724193,31.432275],[35.3725072,31.4324899],[35.372603,31.4327023],[35.3727066,31.4329121],[35.3728178,31.4331189],[35.372882,31.433231],[35.3840283,31.4522682],[35.1108793,31.3498954],[35.1106482,31.3498119],[35.1104005,31.34973],[35.1101499,31.3496549],[35.1098967,31.3495866],[35.109818,31.3495669],[34.9715664,31.3154995]],[[35.3762107,31.316087],[35.246125,31.2616787],[35.3616505,31.2616649],[35.3762107,31.316087]],[[35.1233314,31.2705403],[34.9380475,31.3073231],[34.9183282,31.3034693],[35.0409552,31.2038634],[35.1849416,31.2536702],[35.1233314,31.2705403]],[[35.229037,31.2472433],[35.2537468,31.2244836],[35.3635679,31.1642983],[35.3602251,31.2472381],[35.229037,31.2472433]],[[35.3624534,31.1477946],[35.2463956,31.2114012],[35.0460042,31.1889427],[35.0155068,31.0719316],[35.0285644,31.0668404],[35.2006175,31.0496765],[35.2006964,31.0496683],[35.20088,31.0496485],[35.2011415,31.0496135],[35.2014015,31.0495715],[35.2016598,31.0495224],[35.2019163,31.0494664],[35.2021705,31.0494033],[35.2024223,31.0493334],[35.2026714,31.0492567],[35.2029176,31.0491733],[35.2031606,31.0490832],[35.2034002,31.0489866],[35.2036361,31.0488834],[35.2038321,31.0487912],[35.2038681,31.048774],[35.3044687,31.0000098],[35.3624534,31.1477946]],[[35.0228435,31.0532295],[35.0094354,31.0584572],[35.0036565,31.0494358],[35.0035771,31.0493148],[35.0034413,31.0491193],[35.0032984,31.0489275],[35.0031486,31.0487398],[35.0029919,31.0485562],[35.0028285,31.048377],[35.0026587,31.0482023],[35.0024826,31.0480323],[35.0023003,31.0478672],[35.0021121,31.0477071],[35.001918,31.0475522],[35.0017184,31.0474027],[35.0015134,31.0472587],[35.0013033,31.0471203],[35.0010882,31.0469877],[35.0008683,31.046861],[35.0006438,31.0467403],[35.0004427,31.0466392],[34.9913263,31.0422003],[34.9485543,30.9930957],[34.9485261,30.9930635],[34.948363,30.9928842],[34.9481934,30.9927094],[34.9480174,30.9925394],[34.9478354,30.9923742],[34.9476473,30.992214],[34.9474535,30.992059],[34.9472541,30.9919094],[34.9470493,30.9917653],[34.9468393,30.9916268],[34.9466244,30.991494],[34.9464047,30.9913672],[34.9461805,30.9912465],[34.945952,30.9911319],[34.9457193,30.9910235],[34.9454829,30.9909216],[34.9452428,30.9908261],[34.9449993,30.9907372],[34.9447527,30.990655],[34.9445032,30.9905795],[34.944251,30.9905108],[34.9439965,30.9904491],[34.9437398,30.9903943],[34.9434813,30.9903464],[34.9432211,30.9903057],[34.9429596,30.990272],[34.9429104,30.9902665],[34.9236995,30.9881587],[34.9177057,30.9849195],[34.9080353,30.9623401],[34.908003,30.962266],[34.9079049,30.9620545],[34.9077991,30.9618457],[34.9076857,30.9616399],[34.9075648,30.9614373],[34.9074365,30.9612381],[34.9073011,30.9610425],[34.9071585,30.9608507],[34.9070089,30.9606628],[34.9068526,30.9604791],[34.9066896,30.9602997],[34.9065201,30.9601249],[34.9065145,30.9601194],[34.8902256,30.9438749],[34.8900858,30.9437389],[34.889942,30.943606],[34.8897945,30.9434763],[34.853588,30.9124243],[34.8478445,30.9030501],[34.8478281,30.9030235],[34.8477001,30.9028242],[34.8475648,30.9026285],[34.8474224,30.9024366],[34.8472731,30.9022486],[34.847117,30.9020649],[34.8469542,30.9018854],[34.8467849,30.9017105],[34.8466093,30.9015403],[34.8464276,30.9013749],[34.8462399,30.9012146],[34.8460464,30.9010594],[34.8458474,30.9009096],[34.8456429,30.9007653],[34.8455701,30.9007161],[34.822301,30.8851667],[34.8221643,30.8850772],[34.8219498,30.8849443],[34.8217305,30.8848173],[34.8215067,30.8846963],[34.8212785,30.8845814],[34.8210463,30.8844728],[34.8208102,30.8843706],[34.8205705,30.8842749],[34.8203274,30.8841858],[34.8200812,30.8841033],[34.819832,30.8840275],[34.8195803,30.8839586],[34.8193261,30.8838966],[34.8190698,30.8838415],[34.8190024,30.8838282],[34.8008613,30.8803258],[34.7944541,30.8729031],[34.8016466,30.8035743],[34.8016609,30.8034403],[34.801671,30.8033475],[34.816679,30.6654967],[34.9524431,30.629681],[34.9524511,30.6296789],[35.1803136,30.5689769],[35.2282012,30.774761],[35.2282503,30.7749571],[35.2283056,30.775152],[35.2283672,30.7753455],[35.2992752,30.9859695],[35.1970849,31.0355044],[35.0253437,31.0526339],[35.0252913,31.0526392],[35.0250292,31.0526703],[35.0247683,31.0527084],[35.024509,31.0527536],[35.0242514,31.0528059],[35.0239959,31.0528651],[35.0237427,31.0529312],[35.023492,31.0530042],[35.0232442,31.0530839],[35.0229994,31.0531703],[35.0228435,31.0532295]],[[34.9475599,30.6158809],[34.8305497,30.646758],[34.9503284,30.505944],[34.9504248,30.5058281],[34.950573,30.5056399],[34.9507143,30.5054477],[34.9508485,30.5052517],[34.9509755,30.5050522],[34.9510951,30.5048493],[34.9512073,30.5046432],[34.9513119,30.5044341],[34.9514089,30.5042223],[34.9514981,30.504008],[34.9515794,30.5037913],[34.9516528,30.5035725],[34.9517181,30.5033519],[34.9517754,30.5031295],[34.9518246,30.5029057],[34.9518656,30.5026806],[34.9518983,30.5024546],[34.9519127,30.5023305],[34.9715051,30.3176076],[34.9895978,30.2961161],[35.0066686,30.2887079],[35.019934,30.2843973],[35.0237909,30.2857106],[35.0238289,30.2857234],[35.0240752,30.2858022],[35.0243243,30.2858742],[35.0245758,30.2859394],[35.0248296,30.2859976],[35.0250854,30.2860488],[35.0253429,30.2860931],[35.0256019,30.2861302],[35.0258622,30.2861602],[35.0261234,30.2861831],[35.0263852,30.2861988],[35.0266476,30.2862073],[35.0269101,30.2862086],[35.0270688,30.286206],[35.0475692,30.2856875],[35.065777,30.2904978],[35.075805,30.2956469],[35.0758615,30.2956757],[35.0760906,30.295787],[35.0763236,30.295892],[35.0765603,30.2959906],[35.0768004,30.2960826],[35.0770438,30.296168],[35.0772902,30.2962467],[35.0775393,30.2963186],[35.0777909,30.2963837],[35.0780448,30.2964418],[35.0783006,30.2964929],[35.0785582,30.296537],[35.0788172,30.296574],[35.0790775,30.2966039],[35.0793387,30.2966267],[35.0795462,30.2966397],[35.0987915,30.2976293],[35.1285517,30.3090687],[35.162786,30.3545539],[35.143752,30.396337],[35.1436587,30.3965519],[35.1435739,30.3967676],[35.1434971,30.3969854],[35.1434282,30.3972053],[35.1433674,30.3974269],[35.1433146,30.3976501],[35.14327,30.3978746],[35.1432336,30.3981002],[35.1432055,30.3983267],[35.1431856,30.3985538],[35.1431739,30.3987814],[35.1431706,30.3990092],[35.1431708,30.3990432],[35.1436147,30.4478815],[35.1436195,30.4480753],[35.1436328,30.4483028],[35.1436544,30.4485298],[35.1436842,30.4487562],[35.1437223,30.4489816],[35.1437685,30.4492059],[35.1438229,30.4494287],[35.1438854,30.44965],[35.1439559,30.4498695],[35.1440344,30.4500869],[35.1441208,30.4503021],[35.144215,30.4505148],[35.1443169,30.4507248],[35.1444263,30.4509319],[35.1445433,30.4511359],[35.1446676,30.4513366],[35.144737,30.4514423],[35.1634669,30.4794341],[35.1772991,30.5546794],[34.9475599,30.6158809]],[[35.1258125,30.2922331],[35.1041531,30.2839063],[35.1041418,30.2839019],[35.1039,30.2838132],[35.1036551,30.2837312],[35.1034073,30.283656],[35.1031569,30.2835875],[35.1029042,30.283526],[35.1026493,30.2834714],[35.1023926,30.2834238],[35.1021343,30.2833833],[35.1018746,30.2833499],[35.1016139,30.2833236],[35.1013523,30.2833044],[35.1012757,30.2833002],[35.0825402,30.2823368],[35.0733862,30.2776365],[35.0732157,30.2775513],[35.0729847,30.2774432],[35.0727499,30.2773414],[35.0725115,30.277246],[35.0722697,30.2771573],[35.0720249,30.2770752],[35.0717771,30.2769999],[35.0715728,30.2769434],[35.0511097,30.2715371],[35.0510638,30.2715251],[35.0508111,30.2714635],[35.0505563,30.2714088],[35.0502996,30.2713611],[35.0500413,30.2713205],[35.0497817,30.2712869],[35.049521,30.2712605],[35.0492595,30.2712413],[35.0489974,30.2712292],[35.048735,30.2712243],[35.0484725,30.2712266],[35.0484451,30.2712273],[35.028283,30.2717373],[35.0280499,30.2716579],[35.0227532,30.1756633],[35.022743,30.057543],[35.1250582,30.087422],[35.1258125,30.2922331]],[[35.116182,30.0696122],[35.0200881,30.0415396],[34.9523675,29.9380584],[35.0057717,29.9148429],[35.0563881,29.9092989],[35.0552809,29.9133339],[35.0552516,29.9134445],[35.0551989,29.9136677],[35.0551542,29.9138922],[35.0551177,29.9141178],[35.0550933,29.9143093],[35.0539492,29.9244995],[35.0538029,29.9247883],[35.0537787,29.9248364],[35.0536787,29.9250469],[35.0535863,29.9252601],[35.0535017,29.9254757],[35.0534249,29.9256935],[35.0533561,29.9259133],[35.0532952,29.9261349],[35.0532425,29.926358],[35.0531978,29.9265825],[35.0531921,29.9266145],[35.0508368,29.9400705],[35.0508059,29.9402641],[35.0507776,29.9404906],[35.0507575,29.9407178],[35.0507457,29.9409454],[35.0507421,29.9411732],[35.0507468,29.941401],[35.0507597,29.9416285],[35.0507809,29.9418556],[35.0507816,29.9418621],[35.0522674,29.9550616],[35.0522923,29.9552552],[35.0523231,29.9554482],[35.0523599,29.9556404],[35.0524026,29.9558316],[35.0552253,29.967609],[35.055256,29.9677316],[35.0553179,29.967953],[35.0553878,29.9681725],[35.0554657,29.9683901],[35.0554762,29.9684176],[35.0614972,29.9841346],[35.0615725,29.9843224],[35.061666,29.9845352],[35.0617671,29.9847453],[35.0618759,29.9849526],[35.061992,29.9851567],[35.0621156,29.9853576],[35.0622463,29.9855549],[35.0623842,29.9857486],[35.062529,29.9859384],[35.0626806,29.9861241],[35.0628389,29.9863055],[35.0629058,29.9863787],[35.0694469,29.9934451],[35.116182,30.0696122]],[[34.9996051,29.9013934],[34.9681456,29.9150728],[35.0160159,29.8588607],[35.0161336,29.8587188],[35.0162808,29.8585305],[35.0164211,29.8583383],[35.0165544,29.8581423],[35.0166805,29.8579427],[35.0167993,29.8577398],[35.0169107,29.8575337],[35.0170146,29.8573246],[35.0170844,29.8571709],[35.0210175,29.8525242],[35.0329759,29.8789206],[35.0329901,29.8789519],[35.0330911,29.879162],[35.0331996,29.8793693],[35.0333156,29.8795735],[35.033439,29.8797744],[35.0335695,29.8799718],[35.0337072,29.8801655],[35.0338518,29.8803553],[35.0340032,29.8805411],[35.0341197,29.880676],[35.0385897,29.8857283],[35.0386312,29.8857748],[35.0387958,29.8859519],[35.0389667,29.8861243],[35.0391437,29.8862919],[35.0393268,29.8864546],[35.0395156,29.8866122],[35.0397101,29.8867645],[35.03991,29.8869114],[35.0400817,29.8870303],[35.0411343,29.8877397],[35.0411677,29.887762],[35.0413778,29.8878976],[35.0415928,29.8880274],[35.0418123,29.8881511],[35.0420362,29.8882688],[35.0421485,29.8883247],[35.0471131,29.8907516],[35.0472029,29.8907948],[35.0500687,29.8921552],[35.0518461,29.8930253],[35.0522112,29.8932221],[35.053627,29.8945355],[35.0540195,29.8950123],[35.0023447,29.9006714],[35.0023056,29.9006759],[35.0020857,29.9007023],[35.0018278,29.9007403],[35.0015715,29.9007853],[35.0013169,29.9008374],[35.0010643,29.9008964],[35.000814,29.9009624],[35.0005662,29.9010352],[35.0003212,29.9011148],[35.0000792,29.9012011],[34.9998404,29.901294],[34.9996368,29.9013798],[34.9996051,29.9013934]],[[35.0197177,29.8297503],[34.9454657,29.9174001],[34.9191443,29.7953367],[34.9926531,29.7233876],[35.0197177,29.8297503]],[[34.7985153,30.6782961],[34.7859294,30.7937155],[34.6835394,30.7712638],[34.7985153,30.6782961]],[[34.6625246,30.7815897],[34.7784584,30.8788811],[34.7820514,30.8890895],[34.7766387,30.8932269],[34.776485,30.8933473],[34.7762945,30.8935053],[34.77611,30.8936683],[34.7759315,30.8938362],[34.7757592,30.894009],[34.7755933,30.8941863],[34.7754341,30.8943681],[34.7752815,30.8945541],[34.7751359,30.8947442],[34.7749972,30.8949381],[34.7748658,30.8951357],[34.7747416,30.8953368],[34.7746248,30.8955412],[34.7745156,30.8957487],[34.7744865,30.8958071],[34.7712388,30.9024026],[34.7711664,30.9025546],[34.7710725,30.9027676],[34.7709866,30.902983],[34.7709085,30.9032007],[34.7708385,30.9034203],[34.7707765,30.9036418],[34.7707227,30.9038649],[34.7706771,30.9040893],[34.7706397,30.9043148],[34.7706106,30.9045413],[34.7705898,30.9047684],[34.7705773,30.904996],[34.7705731,30.9052238],[34.7705773,30.9054516],[34.7705899,30.9056791],[34.7706107,30.9059063],[34.7706399,30.9061327],[34.7706773,30.9063582],[34.7707217,30.9065768],[34.779591,30.9466024],[34.7651458,30.9730794],[34.7650601,30.9732416],[34.764979,30.9734056],[34.7649027,30.9735713],[34.7648312,30.9737385],[34.7618394,30.9810082],[34.7602191,30.9799914],[34.7600709,30.9799005],[34.7598515,30.9797734],[34.7596275,30.9796523],[34.7593992,30.9795374],[34.7591668,30.9794287],[34.7590128,30.9793611],[34.7462997,30.9739216],[34.7461254,30.9738492],[34.7459492,30.9737802],[34.7457712,30.9737148],[34.7354688,30.9700482],[34.7271682,30.9665173],[34.7192604,30.9613602],[34.7124411,30.9567273],[34.712256,30.9566052],[34.7120415,30.956472],[34.7118222,30.9563448],[34.7115983,30.9562236],[34.7113701,30.9561086],[34.7112712,30.9560613],[34.7033038,30.9523099],[34.7031704,30.9522485],[34.7029343,30.952146],[34.7026945,30.9520501],[34.7024513,30.9519607],[34.702205,30.951878],[34.7019558,30.9518021],[34.7017039,30.9517329],[34.7015664,30.9516983],[34.6938057,30.9498075],[34.6936889,30.9497799],[34.6934325,30.9497245],[34.6931741,30.9496762],[34.6929142,30.9496349],[34.6926528,30.9496008],[34.6923903,30.9495737],[34.692127,30.9495538],[34.6920195,30.9495478],[34.6828871,30.9490844],[34.6827307,30.9490777],[34.6824664,30.9490721],[34.6822021,30.9490738],[34.6819379,30.9490826],[34.6816742,30.9490986],[34.6816006,30.9491044],[34.6621675,30.9506984],[34.6619323,30.9507205],[34.661698,30.9507484],[34.6614646,30.950782],[34.6612324,30.9508213],[34.6544071,30.9520615],[34.6543709,30.9520682],[34.6541134,30.9521197],[34.6538579,30.9521781],[34.6536046,30.9522435],[34.6533539,30.9523158],[34.653106,30.9523948],[34.652861,30.9524806],[34.6526194,30.9525729],[34.6524573,30.9526393],[34.6425661,30.9568053],[34.6365863,30.9592256],[34.6346106,30.9594493],[34.6291459,30.9578226],[34.6175973,30.9501019],[34.5917743,30.9311126],[34.5860267,30.9267554],[34.582777,30.9242334],[34.5761738,30.9185424],[34.5760665,30.9184516],[34.5758734,30.918296],[34.5756748,30.9181458],[34.5754707,30.918001],[34.5752614,30.9178619],[34.5752201,30.9178355],[34.5712731,30.9153287],[34.5711002,30.9152218],[34.5708811,30.9150943],[34.5706575,30.9149729],[34.5704296,30.9148576],[34.5701975,30.9147485],[34.5699616,30.9146459],[34.5697221,30.9145497],[34.5694791,30.91446],[34.5692469,30.9143816],[34.5600932,30.9114222],[34.5600793,30.9114177],[34.5598302,30.9113414],[34.5595785,30.911272],[34.5593244,30.9112095],[34.5591417,30.9111691],[34.5486721,30.9089619],[34.5484741,30.9089223],[34.548275,30.9088869],[34.548075,30.9088557],[34.5478741,30.9088286],[34.5356076,30.9073084],[34.5302951,30.9066459],[34.5235992,30.9049336],[34.4994479,30.8975351],[34.4993255,30.8974985],[34.4992248,30.8974698],[34.4911293,30.8952079],[34.4909785,30.8951671],[34.4907245,30.8951044],[34.4904683,30.8950486],[34.4902102,30.8949999],[34.4900301,30.8949702],[34.4864832,30.8944203],[34.4864035,30.8944083],[34.4861423,30.8943737],[34.48588,30.8943462],[34.4856169,30.8943259],[34.4853531,30.8943128],[34.485089,30.8943068],[34.4850122,30.8943064],[34.4803003,30.8943015],[34.4801128,30.8943031],[34.4798488,30.8943115],[34.4795852,30.8943271],[34.4793223,30.8943499],[34.4790603,30.8943798],[34.4787996,30.8944168],[34.4787735,30.8944209],[34.4765895,30.8947679],[34.4528705,30.8583701],[34.477841,30.8046303],[34.5654521,30.7624938],[34.6625246,30.7815897]],[[34.4438243,30.873948],[34.4649289,30.906336],[34.465021,30.9064737],[34.4651591,30.9066679],[34.4653042,30.9068583],[34.4654563,30.9070447],[34.4656151,30.9072268],[34.4657804,30.9074045],[34.4659523,30.9075777],[34.4661303,30.907746],[34.4663144,30.9079095],[34.4665045,30.9080678],[34.4667002,30.9082209],[34.4669014,30.9083686],[34.467108,30.9085107],[34.4673196,30.9086472],[34.4675362,30.9087778],[34.4677574,30.9089024],[34.467983,30.909021],[34.4682129,30.9091334],[34.4684468,30.9092394],[34.4686845,30.909339],[34.4689257,30.9094322],[34.4691702,30.9095187],[34.4694177,30.9095985],[34.469668,30.9096715],[34.4699209,30.9097377],[34.470176,30.9097969],[34.4704333,30.9098492],[34.4706923,30.9098945],[34.4709528,30.9099326],[34.4712146,30.9099637],[34.4714774,30.9099876],[34.4717409,30.9100044],[34.472005,30.910014],[34.4722692,30.9100164],[34.4725334,30.9100116],[34.4727973,30.9099996],[34.4730606,30.9099804],[34.4733231,30.9099541],[34.4735845,30.9099206],[34.4737409,30.9098971],[34.4740044,30.9098552],[34.4810494,30.9087361],[34.4842508,30.9087395],[34.4865094,30.9090896],[34.4939535,30.9111695],[34.5182054,30.9185988],[34.5184533,30.9186709],[34.5186263,30.918717],[34.5261168,30.9206325],[34.5261967,30.9206525],[34.5264519,30.9207117],[34.5267092,30.9207638],[34.5269683,30.920809],[34.5272288,30.920847],[34.5272984,30.920856],[34.5332146,30.9215937],[34.5332211,30.9215945],[34.5450904,30.9230655],[34.5546816,30.9250874],[34.5622798,30.927544],[34.5647824,30.9291335],[34.5710944,30.934574],[34.5712511,30.9347056],[34.5714117,30.9348336],[34.5748601,30.93751],[34.5749325,30.9375656],[34.5807636,30.9419863],[34.5807728,30.9419933],[34.5808575,30.9420565],[34.6068765,30.9611913],[34.6069934,30.9612756],[34.6071778,30.9614026],[34.6199724,30.9699566],[34.6199948,30.9699716],[34.6202068,30.9701078],[34.6204237,30.9702381],[34.6206452,30.9703625],[34.6208712,30.9704808],[34.6211014,30.9705929],[34.6213356,30.9706986],[34.6215736,30.970798],[34.6218151,30.9708908],[34.6220598,30.970977],[34.6223076,30.9710565],[34.6223705,30.9710754],[34.631009,30.973647],[34.6311967,30.9737007],[34.6314499,30.9737666],[34.6317053,30.9738255],[34.6319628,30.9738774],[34.632222,30.9739224],[34.6324828,30.9739602],[34.6327448,30.9739909],[34.6330078,30.9740145],[34.6332715,30.974031],[34.6335357,30.9740402],[34.6338001,30.9740423],[34.6340645,30.9740371],[34.6343285,30.9740248],[34.634592,30.9740053],[34.6348343,30.9739809],[34.6400593,30.9733893],[34.6400795,30.9733869],[34.640341,30.9733531],[34.6406011,30.9733122],[34.6408596,30.9732643],[34.6411162,30.9732093],[34.6413707,30.9731474],[34.6416228,30.9730786],[34.6418722,30.9730029],[34.6421187,30.9729206],[34.6423621,30.9728315],[34.6425281,30.9727663],[34.6497453,30.9698451],[34.6498193,30.9698147],[34.6498618,30.969797],[34.6588786,30.9659991],[34.6642246,30.9650277],[34.6825464,30.9635247],[34.6901261,30.9639093],[34.6961022,30.9653653],[34.7026241,30.9684362],[34.708956,30.9727382],[34.7090357,30.9727916],[34.7090866,30.9728251],[34.7176942,30.9784388],[34.7178555,30.9785414],[34.7180725,30.9786715],[34.7182942,30.9787957],[34.7185203,30.9789139],[34.7187506,30.9790258],[34.718985,30.9791313],[34.7190404,30.9791551],[34.7283053,30.9830963],[34.7284734,30.9831658],[34.7286432,30.9832321],[34.7288147,30.983295],[34.7391084,30.9869586],[34.7509287,30.9920162],[34.7555509,30.9949166],[34.7556589,30.9950386],[34.7557707,30.995158],[34.7558861,30.9952748],[34.8283501,31.0674814],[34.7973093,31.1326818],[34.7972417,31.1328223],[34.7972081,31.1328924],[34.7971142,31.1331054],[34.7970281,31.1333208],[34.7969499,31.1335385],[34.7968798,31.1337582],[34.7968178,31.1339797],[34.7967639,31.1342027],[34.7967183,31.1344271],[34.7966809,31.1346527],[34.7966518,31.1348791],[34.796631,31.1351062],[34.7966186,31.1353338],[34.796615,31.1355268],[34.7966145,31.1355616],[34.7963494,31.1876506],[34.7497358,31.2199389],[34.7496793,31.2199784],[34.7496642,31.219989],[34.6943872,31.2590978],[34.694248,31.2591984],[34.6941114,31.2593017],[34.6939777,31.2594076],[34.6600402,31.237562],[34.6600199,31.2375486],[34.6598047,31.2374155],[34.6595848,31.2372882],[34.6593603,31.2371669],[34.6591315,31.2370518],[34.6588986,31.236943],[34.6586617,31.2368405],[34.6584213,31.2367445],[34.6581774,31.2366551],[34.6579304,31.2365723],[34.6576804,31.2364963],[34.6574278,31.2364271],[34.6571728,31.2363648],[34.6569156,31.2363094],[34.6566564,31.2362611],[34.6563957,31.2362198],[34.6561335,31.2361855],[34.6558703,31.2361584],[34.6556061,31.2361385],[34.6553414,31.2361257],[34.6550763,31.2361202],[34.6548112,31.2361218],[34.6545462,31.2361306],[34.6542818,31.2361466],[34.654018,31.2361697],[34.6537552,31.2362],[34.6534936,31.2362374],[34.6532336,31.2362819],[34.6529753,31.2363334],[34.652719,31.2363919],[34.652465,31.2364573],[34.6522136,31.2365296],[34.6519649,31.2366087],[34.6517193,31.2366944],[34.6514769,31.2367868],[34.651238,31.2368857],[34.6510029,31.2369911],[34.6507718,31.2371027],[34.6506845,31.2371479],[34.6505447,31.2372203],[34.5280564,31.3002289],[34.4371534,31.2872797],[34.4147608,31.258976],[34.4645526,31.2337161],[34.464614,31.2336846],[34.464839,31.233564],[34.4650594,31.2334373],[34.465275,31.2333047],[34.4654857,31.2331664],[34.4656912,31.2330223],[34.4658912,31.2328728],[34.4660857,31.232718],[34.4662744,31.2325579],[34.4664572,31.2323928],[34.4666337,31.2322228],[34.466804,31.2320481],[34.4669677,31.2318689],[34.4671248,31.2316853],[34.467275,31.2314976],[34.4674183,31.2313059],[34.4675544,31.2311104],[34.4676833,31.2309113],[34.4678049,31.2307088],[34.4679189,31.2305031],[34.4680253,31.2302944],[34.468124,31.2300829],[34.4682149,31.2298688],[34.4682978,31.2296524],[34.4683728,31.2294339],[34.4684397,31.2292134],[34.4684985,31.2289912],[34.4685491,31.2287676],[34.4685914,31.2285427],[34.4686254,31.2283167],[34.4686512,31.2280899],[34.4686686,31.2278626],[34.4686776,31.2276349],[34.4686783,31.227407],[34.4686706,31.2271793],[34.4686545,31.2269518],[34.4686301,31.226725],[34.4685973,31.2264989],[34.4685563,31.2262738],[34.468507,31.2260499],[34.4684495,31.2258275],[34.4683839,31.2256067],[34.4683102,31.2253878],[34.4682285,31.2251711],[34.4681389,31.2249566],[34.4680415,31.2247447],[34.4679363,31.2245356],[34.4678235,31.2243294],[34.4677031,31.2241264],[34.4675754,31.2239267],[34.4674404,31.2237306],[34.4672982,31.2235383],[34.4671491,31.2233499],[34.4669931,31.2231657],[34.4668305,31.2229857],[34.4666613,31.2228103],[34.4664857,31.2226396],[34.466304,31.2224737],[34.4661162,31.2223128],[34.4659227,31.2221571],[34.4657235,31.2220067],[34.4655189,31.2218618],[34.4653091,31.2217225],[34.4650942,31.221589],[34.4648746,31.2214614],[34.4646504,31.2213398],[34.4644218,31.2212243],[34.4641891,31.2211151],[34.4639525,31.2210123],[34.4637123,31.2209159],[34.4634686,31.2208261],[34.4632218,31.220743],[34.462972,31.2206666],[34.4627195,31.220597],[34.4624647,31.2205343],[34.4622076,31.2204785],[34.4620071,31.2204401],[34.3364158,31.197706],[34.3032186,31.1899612],[34.3680879,30.9968935],[34.4438243,30.873948]],[[34.4373828,31.2307422],[34.4037707,31.2477884],[34.3638217,31.2174297],[34.4373828,31.2307422]],[[34.5530295,31.3042181],[34.6381541,31.2604289],[34.6136001,31.3140265],[34.5530295,31.3042181]],[[34.6294897,31.3187736],[34.6553313,31.2623422],[34.6864461,31.3247754],[34.6543668,31.3296945],[34.6294897,31.3187736]],[[34.7073695,31.3308259],[34.7280273,31.2942006],[34.7812322,31.2945677],[34.7799787,31.3045564],[34.7799678,31.3046496],[34.7799474,31.30487],[34.7794066,31.312147],[34.7773382,31.327922],[34.7773228,31.3280492],[34.777302,31.3282763],[34.7772895,31.3285038],[34.7772854,31.3287316],[34.7772897,31.3289594],[34.7773023,31.329187],[34.7773233,31.3294141],[34.7773527,31.3296405],[34.7773904,31.329866],[34.7774363,31.3300904],[34.7774682,31.3302256],[34.7805475,31.342692],[34.7806061,31.3429121],[34.7806727,31.3431305],[34.7856875,31.3585874],[34.7857175,31.3586777],[34.7857459,31.358759],[34.7868705,31.3619195],[34.7868514,31.3636026],[34.7850932,31.3710749],[34.7850766,31.3711472],[34.7850375,31.3713361],[34.775283,31.4223876],[34.7674253,31.4294946],[34.7537866,31.4079496],[34.753685,31.4077936],[34.7535789,31.4076399],[34.7534684,31.4074885],[34.7533535,31.4073394],[34.7204186,31.3656987],[34.7073695,31.3308259]],[[34.6253847,31.3331818],[34.6492316,31.3436498],[34.6492775,31.3436698],[34.6495164,31.3437691],[34.6497589,31.3438618],[34.6500046,31.3439479],[34.6502534,31.3440273],[34.650505,31.3440999],[34.6507592,31.3441657],[34.6510156,31.3442245],[34.6512741,31.3442764],[34.6515344,31.3443213],[34.6517962,31.344359],[34.6520592,31.3443897],[34.6523232,31.3444132],[34.652588,31.3444295],[34.6528532,31.3444387],[34.6531187,31.3444407],[34.6533841,31.3444355],[34.6536491,31.3444231],[34.6539136,31.3444035],[34.6541772,31.3443767],[34.6544397,31.3443429],[34.6545361,31.3443286],[34.692579,31.3384948],[34.7047739,31.3710976],[34.7047863,31.3711304],[34.7048726,31.3713459],[34.7049669,31.3715588],[34.7050689,31.3717692],[34.7051786,31.3719766],[34.7052959,31.372181],[34.7054206,31.3723821],[34.7055527,31.3725798],[34.705692,31.3727737],[34.7058206,31.3729415],[34.7391961,31.4151474],[34.7551944,31.4404246],[34.626494,31.5527218],[34.6263876,31.5528162],[34.6262077,31.552984],[34.626034,31.5531566],[34.6258667,31.5533338],[34.6257061,31.5535154],[34.6255522,31.5537013],[34.6254053,31.5538912],[34.6252655,31.554085],[34.6251328,31.5542825],[34.625073,31.5543765],[34.6182678,31.5652667],[34.6177072,31.5297891],[34.6177071,31.5297801],[34.6176989,31.5295524],[34.6176824,31.529325],[34.6176575,31.5290981],[34.6176243,31.5288721],[34.6175828,31.5286471],[34.6175329,31.5284233],[34.6174749,31.528201],[34.6174087,31.5279803],[34.6173344,31.5277616],[34.6172521,31.5275449],[34.6171618,31.5273306],[34.6170637,31.5271189],[34.6169578,31.5269099],[34.6168442,31.5267038],[34.6167232,31.526501],[34.6165947,31.5263015],[34.6164589,31.5261056],[34.616316,31.5259135],[34.6161661,31.5257253],[34.6160093,31.5255413],[34.6158458,31.5253616],[34.6156758,31.5251864],[34.6156214,31.5251327],[34.5960178,31.5059509],[34.598044,31.5031754],[34.5980669,31.5031437],[34.5982031,31.5029481],[34.5983321,31.5027489],[34.5984537,31.5025462],[34.5985677,31.5023404],[34.5986741,31.5021316],[34.5987728,31.5019201],[34.5988636,31.5017059],[34.5989464,31.5014895],[34.5990213,31.5012709],[34.5990881,31.5010503],[34.5991467,31.5008281],[34.599197,31.5006044],[34.5992392,31.5003795],[34.599273,31.5001535],[34.5992984,31.4999267],[34.5993094,31.4997953],[34.6020483,31.4619032],[34.6086087,31.4501104],[34.6086711,31.4499955],[34.6087774,31.4497867],[34.608876,31.4495751],[34.6089668,31.449361],[34.6090496,31.4491445],[34.6091244,31.4489259],[34.6091911,31.4487054],[34.6092496,31.4484831],[34.6093,31.4482594],[34.609342,31.4480345],[34.6093758,31.4478085],[34.6094012,31.4475817],[34.6094183,31.4473544],[34.609427,31.4471267],[34.6094273,31.4468988],[34.6094192,31.4466711],[34.6094027,31.4464437],[34.6093954,31.4463678],[34.6076441,31.4294188],[34.6253847,31.3331818]],[[34.6393626,31.5620988],[34.75843,31.4582054],[34.7672648,31.5698187],[34.7239775,31.6392276],[34.6484822,31.6764355],[34.6482934,31.6765275],[34.6482508,31.6765482],[34.648209,31.6765695],[34.6480221,31.6766651],[34.5742888,31.7139079],[34.5490734,31.6674988],[34.6166669,31.5980477],[34.6167604,31.5979516],[34.616837,31.5978725],[34.617001,31.5976931],[34.6171584,31.5975093],[34.6173089,31.5973214],[34.6174524,31.5971295],[34.6175887,31.5969339],[34.6177139,31.5967406],[34.6177177,31.5967346],[34.6393626,31.5620988]],[[34.54499,31.6942433],[34.5614188,31.72448],[34.5367136,31.7813195],[34.54499,31.6942433]],[[34.5271588,31.7036633],[34.5149233,31.832085],[34.514913,31.8321951],[34.5149023,31.8323121],[34.5148985,31.8323723],[34.514888,31.8325396],[34.5065573,31.9578675],[34.5065537,31.9579277],[34.5065443,31.958095],[34.5065396,31.9583228],[34.5065433,31.9585506],[34.5065555,31.9587782],[34.5065761,31.9590053],[34.506605,31.9592318],[34.5066424,31.9594574],[34.5066881,31.9596818],[34.506742,31.959905],[34.5068043,31.9601265],[34.5068746,31.9603463],[34.5069531,31.9605641],[34.5070354,31.9607693],[34.5070396,31.9607796],[34.5959773,32.1719241],[34.4689807,32.0201411],[34.4667952,31.9148817],[34.4648737,31.8119053],[34.5271588,31.7036633]],[[34.6318114,32.214043],[34.5310882,31.9752111],[34.6356128,32.0297722],[34.755302,32.1145379],[34.770256,32.1480917],[34.7775778,32.1670696],[34.7776633,32.1672802],[34.777694,32.167351],[34.789281,32.1936462],[34.7893634,32.193826],[34.7894515,32.1940038],[34.7990563,32.2126829],[34.8085971,32.2568614],[34.8086342,32.2570228],[34.8086757,32.2571834],[34.8249775,32.3170619],[34.7570966,32.289591],[34.6318114,32.214043]],[[34.8162394,32.2123451],[34.8355159,32.190314],[34.8746705,32.2222254],[34.8827537,32.2584832],[34.8940692,32.3168152],[34.8437794,32.3220533],[34.8252631,32.2540927],[34.8162394,32.2123451]],[[34.8239141,32.1794021],[34.8091437,32.1962824],[34.8050899,32.1884001],[34.7936403,32.1624268],[34.7891639,32.1508301],[34.7978896,32.149001],[34.8239141,32.1794021]],[[34.869248,32.1707765],[34.8821528,32.1644727],[34.8807716,32.1702951],[34.869248,32.1707765]],[[34.8812039,32.1482969],[34.8368244,32.1699693],[34.80831,32.1366634],[34.8082467,32.1365898],[34.8081515,32.1364799],[34.8079865,32.1363005],[34.8078149,32.1361256],[34.807637,32.1359555],[34.8074528,32.1357902],[34.8072625,32.1356299],[34.8070665,32.1354748],[34.8068647,32.1353251],[34.8066575,32.1351808],[34.8064451,32.1350422],[34.8062276,32.1349094],[34.8060053,32.1347825],[34.8057784,32.1346616],[34.8055472,32.1345468],[34.8053118,32.1344384],[34.8050725,32.1343363],[34.8048295,32.1342407],[34.8045831,32.1341516],[34.8043335,32.1340693],[34.804081,32.1339936],[34.8038258,32.1339248],[34.8035682,32.1338629],[34.8033084,32.1338079],[34.8030467,32.1337599],[34.8027833,32.133719],[34.8025186,32.1336852],[34.8022528,32.1336585],[34.801986,32.133639],[34.8017187,32.1336266],[34.8014511,32.1336214],[34.8011834,32.1336235],[34.8009159,32.1336327],[34.8006489,32.133649],[34.8003827,32.1336726],[34.8001174,32.1337033],[34.7998534,32.1337411],[34.7995909,32.1337859],[34.7993631,32.1338311],[34.7993303,32.1338378],[34.7835174,32.1371527],[34.7738448,32.1154576],[34.8045036,32.1097234],[34.843779,32.1099707],[34.8812039,32.1482969]],[[34.7676612,32.1018398],[34.7440674,32.0511251],[34.7359612,32.0056861],[34.7488613,31.9802154],[34.7544574,31.9746815],[34.754485,31.9746794],[34.7547504,31.9746524],[34.7550146,31.9746183],[34.7552774,31.9745771],[34.7555386,31.9745288],[34.7557978,31.9744735],[34.7560549,31.9744113],[34.7563095,31.9743421],[34.7565615,31.9742662],[34.7568105,31.9741835],[34.7570564,31.9740942],[34.7572987,31.9739983],[34.7575375,31.9738959],[34.7577723,31.9737871],[34.758003,31.9736721],[34.7582292,31.9735509],[34.7584509,31.9734237],[34.7586528,31.9733001],[34.7692085,31.9666329],[34.7692236,31.9666235],[34.7694354,31.9664846],[34.769642,31.9663401],[34.7698431,31.9661901],[34.7700385,31.9660347],[34.7702281,31.9658742],[34.7704116,31.9657086],[34.770589,31.9655382],[34.7707599,31.9653631],[34.7709242,31.9651835],[34.7710819,31.9649996],[34.7712326,31.9648115],[34.7713763,31.9646194],[34.7715128,31.9644236],[34.7715799,31.9643208],[34.7716424,31.9642244],[34.7763707,31.9569171],[34.7764603,31.956881],[34.7838056,31.9789195],[34.7838243,31.978975],[34.7839035,31.9791926],[34.7839907,31.9794079],[34.7840858,31.9796208],[34.7841887,31.979831],[34.7842994,31.9800383],[34.7844177,31.9802426],[34.7845435,31.9804436],[34.7846766,31.9806411],[34.7848171,31.9808349],[34.7849646,31.9810248],[34.7851191,31.9812107],[34.7852804,31.9813923],[34.7854484,31.9815695],[34.7856228,31.9817421],[34.7858036,31.9819099],[34.7859904,31.9820727],[34.7861832,31.9822305],[34.7863818,31.982383],[34.7865859,31.98253],[34.7867954,31.9826715],[34.78701,31.9828073],[34.7872295,31.9829373],[34.7874537,31.9830612],[34.7876824,31.9831791],[34.7879153,31.9832908],[34.7881523,31.9833961],[34.788393,31.983495],[34.7886373,31.9835874],[34.7887506,31.9836276],[34.8749415,32.0135549],[34.8417539,32.0955286],[34.803676,32.0952881],[34.8034057,32.0952901],[34.8031383,32.0952993],[34.8028714,32.0953157],[34.8026053,32.0953392],[34.8023401,32.0953699],[34.8020763,32.0954077],[34.8018139,32.0954526],[34.8017942,32.0954562],[34.7676612,32.1018398]],[[34.798962,31.9715937],[34.791625,31.9495897],[34.8172456,31.94647],[34.8174529,31.9464425],[34.8177156,31.9464012],[34.8179766,31.9463527],[34.8182358,31.9462973],[34.8184927,31.946235],[34.8187472,31.9461657],[34.818999,31.9460897],[34.8192479,31.9460069],[34.8194936,31.9459174],[34.8197359,31.9458214],[34.8199744,31.9457189],[34.8202091,31.94561],[34.8204396,31.9454949],[34.8206658,31.9453736],[34.8208873,31.9452463],[34.821104,31.9451131],[34.8213157,31.9449741],[34.8215221,31.9448295],[34.8217231,31.9446794],[34.8219184,31.944524],[34.8221078,31.9443634],[34.8222912,31.9441978],[34.8224684,31.9440273],[34.8226392,31.9438521],[34.8228034,31.9436725],[34.8229609,31.9434884],[34.8231115,31.9433003],[34.823255,31.9431082],[34.8233914,31.9429123],[34.8235204,31.9427128],[34.823642,31.94251],[34.823756,31.942304],[34.8238624,31.9420951],[34.8239609,31.9418833],[34.8240516,31.9416691],[34.8241343,31.9414525],[34.8242089,31.9412337],[34.8242754,31.9410131],[34.8243336,31.9407908],[34.8243837,31.940567],[34.8244254,31.940342],[34.8244588,31.940116],[34.8244837,31.9398892],[34.8245003,31.9396619],[34.8245085,31.9394342],[34.8245082,31.9392064],[34.8244995,31.9389787],[34.8244929,31.9388923],[34.824778,31.9377347],[34.8249215,31.9372228],[34.8253853,31.9370116],[34.8265491,31.9365647],[34.8279688,31.9360634],[34.8289582,31.9358083],[34.8306916,31.9354879],[34.8308286,31.9354616],[34.8310877,31.9354062],[34.8313446,31.9353438],[34.8315991,31.9352745],[34.8318508,31.9351984],[34.8320997,31.9351156],[34.8323453,31.9350261],[34.8325235,31.9349562],[34.8333293,31.9346305],[34.8333933,31.9346043],[34.8336318,31.9345018],[34.8338664,31.9343929],[34.8340969,31.9342778],[34.834323,31.9341565],[34.8345445,31.9340291],[34.8347611,31.9338959],[34.8349727,31.9337569],[34.8351791,31.9336123],[34.8352638,31.9335502],[34.8354956,31.9333779],[34.8356118,31.9332899],[34.8358071,31.9331344],[34.8359965,31.9329738],[34.8361798,31.9328082],[34.836357,31.9326377],[34.8365277,31.9324625],[34.8366919,31.9322828],[34.8368493,31.9320988],[34.8369999,31.9319106],[34.8371434,31.9317185],[34.8372797,31.9315226],[34.8374087,31.9313231],[34.8375302,31.9311203],[34.8376442,31.9309143],[34.8377505,31.9307053],[34.837841,31.9305108],[34.8407277,31.9284478],[34.840851,31.9283903],[34.8412937,31.928212],[34.8416345,31.9281005],[34.8419585,31.9280065],[34.8425842,31.9278676],[34.8456826,31.9273857],[34.8493356,31.9268409],[34.8493712,31.9268355],[34.8544707,31.9260556],[34.8575196,31.9256027],[34.8577378,31.9255678],[34.8578346,31.9255506],[34.8603934,31.9250846],[34.8605575,31.9250532],[34.8608166,31.9249977],[34.8610734,31.9249353],[34.8613279,31.924866],[34.8615796,31.9247898],[34.8616154,31.9247784],[34.8635547,31.9241537],[34.8637676,31.9240823],[34.8640132,31.9239927],[34.8642554,31.9238966],[34.8644938,31.923794],[34.8647284,31.9236851],[34.8649588,31.9235699],[34.8650103,31.9235429],[34.865841,31.9231054],[34.8677587,31.922354],[34.8678124,31.9223327],[34.8712263,31.9209702],[34.8714033,31.9208974],[34.8715783,31.9208211],[34.8717511,31.9207413],[34.8758903,31.9187785],[34.8759431,31.9187533],[34.8760472,31.9187022],[34.877928,31.9177649],[34.8795782,31.9171438],[34.879984,31.9170521],[34.8810943,31.9169067],[34.8826037,31.9168593],[34.8826637,31.9168582],[34.8827308,31.9168708],[34.8777218,31.9989406],[34.798962,31.9715937]],[[34.896984,31.9610381],[34.8998874,31.9133106],[34.9187978,31.9032981],[34.9189587,31.9032107],[34.91918,31.9030833],[34.9193964,31.9029499],[34.9196079,31.9028108],[34.9196157,31.9028054],[34.9222913,31.9009819],[34.896984,31.9610381]],[[34.830503,31.9169291],[34.8261595,31.9200329],[34.8260181,31.9201362],[34.82582,31.920289],[34.8256277,31.920447],[34.8254413,31.9206102],[34.825261,31.9207782],[34.8250871,31.9209511],[34.8250689,31.9209698],[34.8240801,31.9219912],[34.8226714,31.9223544],[34.8224717,31.9224082],[34.8222737,31.9224662],[34.8220774,31.9225283],[34.8218829,31.9225946],[34.8199567,31.9232747],[34.8198706,31.9233056],[34.8197195,31.9233621],[34.8181783,31.923954],[34.8180062,31.9240221],[34.8178358,31.9240935],[34.8176674,31.9241681],[34.8167564,31.9245829],[34.8166975,31.92461],[34.8165392,31.9246853],[34.8156281,31.9251299],[34.8155538,31.9251666],[34.8153255,31.9252848],[34.8151016,31.9254091],[34.8148825,31.9255394],[34.8146683,31.9256755],[34.8145682,31.9257422],[34.8140422,31.9260985],[34.8139332,31.9261735],[34.8137295,31.9263209],[34.8135314,31.9264737],[34.813339,31.9266317],[34.8131526,31.9267948],[34.8130639,31.9268761],[34.8123617,31.9275301],[34.8122701,31.9276169],[34.8121215,31.9277638],[34.8112434,31.9286558],[34.811218,31.9286817],[34.8110504,31.9288592],[34.8108896,31.929041],[34.8107355,31.9292271],[34.8105884,31.9294172],[34.8104484,31.9296112],[34.8103927,31.9296925],[34.8098296,31.9305258],[34.8097526,31.9306423],[34.8096272,31.9308434],[34.8095094,31.9310479],[34.8093992,31.9312554],[34.8092967,31.9314657],[34.8092021,31.9316788],[34.8091154,31.9318942],[34.8090521,31.9320672],[34.808751,31.9329286],[34.7927341,31.9348787],[34.8220146,31.8513555],[34.8745954,31.9033425],[34.8744519,31.9033761],[34.8741963,31.9034421],[34.8739433,31.9035148],[34.873693,31.9035944],[34.8734459,31.9036806],[34.8733571,31.9037135],[34.8706607,31.9047283],[34.8704429,31.9048134],[34.8702281,31.9049037],[34.8700164,31.9049992],[34.869808,31.9050998],[34.8675913,31.9062044],[34.8637892,31.9080073],[34.8606695,31.9092524],[34.8583073,31.910178],[34.8582696,31.9101929],[34.8580293,31.9102922],[34.8577928,31.910398],[34.8575603,31.9105101],[34.8573941,31.9105954],[34.8568152,31.9109003],[34.8562357,31.9110869],[34.8544587,31.9114106],[34.8515473,31.911843],[34.8515053,31.9118494],[34.8464035,31.9126296],[34.8427384,31.9131762],[34.8426777,31.9131854],[34.8392402,31.9137201],[34.8390346,31.9137543],[34.8388301,31.9137928],[34.8386268,31.9138357],[34.8373976,31.9141085],[34.8371988,31.9141549],[34.8370014,31.9142053],[34.8368054,31.9142599],[34.8360333,31.9144838],[34.8359304,31.9145143],[34.8357248,31.914579],[34.8349364,31.9148371],[34.8347411,31.9149034],[34.8345479,31.9149738],[34.8343567,31.9150483],[34.8334026,31.9154325],[34.833178,31.9155263],[34.8329568,31.9156259],[34.8318793,31.9161281],[34.8316595,31.9162342],[34.8314312,31.9163525],[34.8312075,31.9164768],[34.8309884,31.9166071],[34.8307743,31.9167432],[34.8305653,31.916885],[34.830503,31.9169291]],[[34.9044506,31.8939125],[34.9108464,31.8701198],[34.929625,31.8753586],[34.9245871,31.8809482],[34.9094515,31.8912644],[34.9044506,31.8939125]],[[34.8947099,31.8656153],[34.8871609,31.8936785],[34.8446029,31.8516125],[34.88956,31.8641772],[34.8947099,31.8656153]],[[34.9146412,31.8559976],[34.924552,31.8190966],[34.9740464,31.7724113],[34.9780143,31.8355573],[34.9415953,31.8635166],[34.9146412,31.8559976]],[[35.0029588,31.8211088],[35.0164836,31.788729],[35.0531783,31.8002279],[35.0178062,31.8130865],[35.0177825,31.8130951],[35.0175391,31.8131883],[35.0172992,31.8132879],[35.0170631,31.8133939],[35.0168311,31.8135063],[35.0166033,31.8136249],[35.0165473,31.8136553],[35.0029588,31.8211088]],[[35.001606,31.7814082],[34.9928481,31.8023704],[34.990976,31.7726493],[35.001606,31.7814082]],[[34.9085737,31.8140356],[34.898507,31.8514935],[34.8948176,31.8504632],[34.8270131,31.8315053],[34.8306632,31.7455422],[34.8306684,31.7453409],[34.8306671,31.7451395],[34.8306592,31.7449383],[34.8285806,31.7075348],[34.8285803,31.7075282],[34.8285632,31.7073009],[34.8285377,31.7070741],[34.8285039,31.7068482],[34.8284617,31.7066232],[34.8284113,31.7063996],[34.8283526,31.7061773],[34.8282858,31.7059568],[34.8282108,31.7057382],[34.8281278,31.7055218],[34.8280369,31.7053076],[34.8280321,31.7052969],[34.8142048,31.6744123],[34.8174901,31.6575797],[34.8175212,31.6574073],[34.8175545,31.6571813],[34.8175795,31.6569545],[34.8175961,31.6567272],[34.8176042,31.6564995],[34.817604,31.6562717],[34.8175954,31.656044],[34.8175783,31.6558167],[34.8175529,31.6555899],[34.8175191,31.6553639],[34.817477,31.655139],[34.8174267,31.6549153],[34.8173681,31.6546931],[34.8173013,31.6544726],[34.8172264,31.654254],[34.8171662,31.6540946],[34.7892872,31.5830302],[34.8866894,31.6119439],[34.937388,31.7028336],[34.9375011,31.7030285],[34.9376268,31.7032294],[34.9377599,31.7034267],[34.9379002,31.7036204],[34.9380476,31.7038101],[34.9382019,31.7039958],[34.938363,31.7041773],[34.9385307,31.7043543],[34.9387049,31.7045267],[34.9388853,31.7046943],[34.9390718,31.7048569],[34.9392643,31.7050144],[34.9394625,31.7051667],[34.9396662,31.7053135],[34.9398752,31.7054548],[34.9400893,31.7055903],[34.9403084,31.70572],[34.9405321,31.7058438],[34.9407603,31.7059614],[34.9409927,31.7060728],[34.9410008,31.7060765],[34.9532661,31.7117249],[34.9716642,31.7531576],[34.9105478,31.8108043],[34.9104815,31.8108675],[34.9103079,31.8110405],[34.9101407,31.811218],[34.9099803,31.8114],[34.9098266,31.8115862],[34.9096799,31.8117764],[34.9095403,31.8119705],[34.9094079,31.8121683],[34.909283,31.8123695],[34.9091655,31.8125741],[34.9090556,31.8127816],[34.9089535,31.8129921],[34.9088592,31.8132051],[34.9087728,31.8134207],[34.9086944,31.8136384],[34.9086242,31.8138581],[34.9085737,31.8140356]],[[34.813775,31.7453201],[34.8104518,31.8232532],[34.7693974,31.7990342],[34.731169,31.7550119],[34.72356,31.7020443],[34.7382531,31.6469937],[34.7740662,31.5895635],[34.8005029,31.65698],[34.7971838,31.67397],[34.7971724,31.6740297],[34.7971348,31.6742552],[34.7971056,31.6744817],[34.7970848,31.6747088],[34.7970724,31.6749363],[34.7970684,31.6751641],[34.7970728,31.6753919],[34.7970856,31.6756194],[34.7971067,31.6758465],[34.7971363,31.6760729],[34.7971742,31.6762984],[34.7972204,31.6765227],[34.7972749,31.6767457],[34.7973375,31.6769671],[34.7974084,31.6771867],[34.7974872,31.6774043],[34.7975741,31.6776197],[34.7976253,31.6777372],[34.8117839,31.7093746],[34.813775,31.7453201]],[[34.7075199,31.6972773],[34.655969,31.7269071],[34.6604818,31.6871783],[34.7177567,31.6589539],[34.7075199,31.6972773]],[[34.6424966,31.6962216],[34.6377215,31.7381852],[34.6023951,31.7689453],[34.5812604,31.7271488],[34.6424966,31.6962216]],[[34.5711511,31.7435418],[34.589284,31.7794066],[34.5416936,31.8113129],[34.5711511,31.7435418]],[[34.5315596,31.8364446],[34.5961515,31.7931498],[34.6166305,31.8344029],[34.616652,31.8344916],[34.6167144,31.8347131],[34.6167849,31.8349328],[34.6168635,31.8351505],[34.6169502,31.835366],[34.6170447,31.835579],[34.6171471,31.8357894],[34.6172572,31.8359969],[34.617375,31.8362013],[34.6175002,31.8364025],[34.6176328,31.8366002],[34.6177727,31.8367942],[34.6179196,31.8369843],[34.6180736,31.8371704],[34.6180984,31.8371986],[34.7190587,32.0069564],[34.7274609,32.0541029],[34.7274705,32.0541554],[34.7275168,32.0543798],[34.7275714,32.0546028],[34.7276342,32.0548242],[34.7277052,32.0550439],[34.7277843,32.0552615],[34.7278714,32.0554769],[34.7279595,32.0556749],[34.7423431,32.0866117],[34.6459778,32.0183466],[34.6458281,32.0182429],[34.6456161,32.018104],[34.6453992,32.0179708],[34.6451774,32.0178436],[34.6449786,32.0177368],[34.5237389,31.9544395],[34.5315596,31.8364446]],[[34.6381698,31.8390859],[34.7025678,31.8338342],[34.7243885,31.8865432],[34.6887242,31.8912037],[34.688478,31.891239],[34.6882162,31.8912836],[34.6879561,31.8913353],[34.6876981,31.8913939],[34.6874424,31.8914594],[34.6871892,31.8915318],[34.6869388,31.891611],[34.6866915,31.8916969],[34.6864475,31.8917894],[34.6862071,31.8918884],[34.6859704,31.8919939],[34.6857377,31.8921056],[34.6855093,31.8922236],[34.6852854,31.8923477],[34.6850661,31.8924777],[34.6848518,31.8926136],[34.6846427,31.8927552],[34.6844388,31.8929024],[34.6842405,31.8930549],[34.684048,31.8932128],[34.6838614,31.8933757],[34.6836809,31.8935436],[34.6835067,31.8937162],[34.683339,31.8938935],[34.6831779,31.8940752],[34.6830237,31.8942611],[34.6828764,31.8944511],[34.6827362,31.894645],[34.6826032,31.8948426],[34.6824776,31.8950436],[34.6823595,31.8952479],[34.6822491,31.8954553],[34.6821463,31.8956656],[34.6820514,31.8958785],[34.6819644,31.8960939],[34.6818855,31.8963115],[34.6818146,31.8965311],[34.6817519,31.8967526],[34.6816974,31.8969756],[34.6816512,31.8972],[34.6816133,31.8974255],[34.6815838,31.8976519],[34.6815626,31.897879],[34.6815499,31.8981065],[34.6815456,31.8983343],[34.6815498,31.8985621],[34.6815624,31.8987896],[34.6815833,31.8990167],[34.6816127,31.8992431],[34.6816505,31.8994687],[34.6816965,31.899693],[34.6817509,31.8999161],[34.6818134,31.9001375],[34.6818842,31.9003572],[34.681963,31.9005749],[34.6820499,31.9007903],[34.6821446,31.9010033],[34.6822473,31.9012136],[34.6823576,31.901421],[34.6824756,31.9016254],[34.682601,31.9018265],[34.6827339,31.9020241],[34.682874,31.902218],[34.6830212,31.9024081],[34.6831753,31.9025941],[34.6833363,31.9027759],[34.6835039,31.9029532],[34.683678,31.903126],[34.6838584,31.9032939],[34.684045,31.9034569],[34.6842374,31.9036148],[34.6844357,31.9037675],[34.6846394,31.9039147],[34.6848486,31.9040564],[34.6850628,31.9041924],[34.685282,31.9043225],[34.6855059,31.9044467],[34.6857323,31.9045638],[34.7438768,31.9335604],[34.7525494,31.9544665],[34.7352725,31.9715518],[34.7351931,31.9716305],[34.7350986,31.9717248],[34.7349308,31.9719021],[34.7347698,31.9720839],[34.7346155,31.9722699],[34.7344682,31.9724599],[34.734328,31.9726538],[34.734195,31.9728515],[34.7340694,31.9730525],[34.7339514,31.9732569],[34.7338409,31.9734643],[34.7338322,31.973482],[34.726604,31.9877507],[34.6381698,31.8390859]],[[34.7577622,31.9237665],[34.7471442,31.8981636],[34.7504526,31.8977302],[34.7621372,31.9229351],[34.7639547,31.9268515],[34.7577622,31.9237665]],[[34.7778689,31.9176253],[34.7657492,31.8914908],[34.8006978,31.8618294],[34.7797245,31.9216223],[34.7778689,31.9176253]],[[34.80517,31.8376758],[34.7653819,31.8714532],[34.7653761,31.871375],[34.7653507,31.8711482],[34.7653169,31.8709222],[34.7652748,31.8706973],[34.7652244,31.8704736],[34.7651658,31.8702513],[34.765099,31.8700308],[34.765024,31.8698122],[34.764941,31.8695957],[34.76485,31.8693815],[34.7647512,31.8691699],[34.7646445,31.8689611],[34.7645302,31.8687552],[34.7644084,31.8685525],[34.7642791,31.8683532],[34.7641424,31.8681575],[34.7639987,31.8679656],[34.7638479,31.8677776],[34.7636902,31.8675938],[34.7635258,31.8674144],[34.7633548,31.8672394],[34.7632141,31.8671034],[34.7174033,31.8239148],[34.7278494,31.7754149],[34.7566597,31.8085908],[34.7567882,31.808735],[34.7569558,31.8089122],[34.7571299,31.8090849],[34.7573102,31.8092527],[34.7574967,31.8094156],[34.7576891,31.8095735],[34.7578872,31.809726],[34.7580908,31.8098731],[34.7582999,31.8100147],[34.758514,31.8101505],[34.7586407,31.8102268],[34.80517,31.8376758]],[[34.7011806,31.8194509],[34.6304287,31.8252187],[34.6096019,31.7832748],[34.6484855,31.7494161],[34.7133152,31.7631523],[34.7011806,31.8194509]],[[34.7303453,31.857624],[34.748317,31.8745632],[34.7477586,31.8834837],[34.7414041,31.8843161],[34.7303453,31.857624]],[[34.7301262,31.9003916],[34.7351417,31.9124931],[34.7148742,31.9023865],[34.7301262,31.9003916]],[[34.6663441,31.7383351],[34.7083002,31.7142208],[34.7131837,31.7482578],[34.6663441,31.7383351]],[[34.8318642,31.3001395],[34.8319275,31.3000431],[34.8320857,31.2997972],[34.8321507,31.2996942],[34.8321802,31.2996461],[34.8323316,31.299397],[34.8324219,31.2992441],[34.8325668,31.2989911],[34.8326524,31.2988372],[34.8327898,31.2985823],[34.832818,31.2985294],[34.8328715,31.2984258],[34.8330018,31.2981681],[34.8330912,31.2979844],[34.8331747,31.2977987],[34.8332864,31.2975397],[34.8333537,31.2973775],[34.8334582,31.2971161],[34.8335211,31.2969526],[34.8336182,31.2966892],[34.8336374,31.2966365],[34.8336765,31.2965244],[34.8337663,31.2962592],[34.8338014,31.2961525],[34.83382,31.2960932],[34.8339024,31.2958261],[34.8339498,31.2956649],[34.8339515,31.2956591],[34.8340264,31.2953905],[34.8340708,31.2952225],[34.8341383,31.2949524],[34.8341502,31.2949038],[34.834178,31.2947836],[34.8342379,31.2945122],[34.8342598,31.2944087],[34.8342729,31.2943425],[34.8343253,31.29407],[34.8343537,31.2939111],[34.8343556,31.2938997],[34.8344003,31.2936262],[34.8344259,31.2934553],[34.834463,31.2931809],[34.8344688,31.2931372],[34.8344838,31.2930096],[34.8345134,31.2927345],[34.8345232,31.2926353],[34.8345294,31.2925628],[34.8345512,31.2922872],[34.8345616,31.2921324],[34.8345625,31.2921152],[34.8345767,31.2918393],[34.8345831,31.2916671],[34.8345896,31.2913909],[34.8345904,31.2913525],[34.8345913,31.2912186],[34.8345901,31.2909424],[34.834589,31.2908485],[34.834587,31.2907702],[34.8345782,31.290494],[34.8345716,31.2903447],[34.8345703,31.2903219],[34.8345538,31.2900461],[34.8345411,31.2898741],[34.8345169,31.2895987],[34.8345139,31.289566],[34.8344994,31.2894271],[34.8344676,31.2891522],[34.8344568,31.2890644],[34.8344454,31.288981],[34.8344059,31.2887069],[34.8343837,31.2885643],[34.8343789,31.2885362],[34.8343504,31.2883708],[34.8340418,31.2861091],[34.8339588,31.2854373],[34.887926,31.3097185],[34.8207053,31.3778923],[34.7962416,31.4019329],[34.8016109,31.3737997],[34.8034952,31.3657854],[34.8035357,31.365601],[34.8035773,31.365376],[34.8036106,31.36515],[34.8036355,31.3649232],[34.8036521,31.3646958],[34.8036603,31.3644681],[34.8036609,31.3644279],[34.8036999,31.3609462],[34.8036992,31.3607586],[34.8036906,31.3605309],[34.8036737,31.3603035],[34.8036485,31.3600767],[34.8036149,31.3598508],[34.803573,31.3596258],[34.8035228,31.3594021],[34.8034645,31.3591799],[34.803398,31.3589593],[34.8033333,31.3587684],[34.8018596,31.354629],[34.796941,31.3394766],[34.7941967,31.3283744],[34.7957333,31.316639],[34.7971273,31.3161461],[34.8039072,31.3139064],[34.803952,31.3138915],[34.8192374,31.308754],[34.8193366,31.30872],[34.8223858,31.3076563],[34.8226091,31.3075752],[34.8228295,31.3074886],[34.8230726,31.3073894],[34.8231259,31.3073674],[34.8232739,31.3073044],[34.8235139,31.3071996],[34.8236028,31.3071602],[34.8237125,31.30711],[34.8239491,31.3069998],[34.8240725,31.3069412],[34.8241449,31.3069057],[34.8243779,31.3067902],[34.8245345,31.3067105],[34.8245707,31.3066916],[34.8248001,31.3065707],[34.8249892,31.3064681],[34.8252153,31.3063417],[34.8254017,31.3062344],[34.8256232,31.3061032],[34.8256557,31.3060838],[34.8258062,31.3059917],[34.8260236,31.3058554],[34.8260884,31.3058144],[34.826203,31.3057398],[34.8264161,31.3055986],[34.8265117,31.3055343],[34.8265919,31.3054789],[34.8268005,31.3053329],[34.8269254,31.3052437],[34.8269725,31.3052091],[34.8271765,31.3050584],[34.8273183,31.3049512],[34.8275614,31.3047632],[34.8275721,31.3047549],[34.8277083,31.3046469],[34.8279461,31.304454],[34.828004,31.3044066],[34.8280897,31.3043347],[34.8283221,31.304137],[34.8284246,31.3040483],[34.8284623,31.3040148],[34.8286892,31.3038125],[34.828826,31.3036875],[34.8290472,31.3034805],[34.8290549,31.3034733],[34.8291805,31.3033528],[34.8293959,31.3031414],[34.8294463,31.3030914],[34.8295257,31.3030109],[34.8297352,31.3027952],[34.8298255,31.3027005],[34.8298613,31.3026621],[34.8300648,31.3024422],[34.8301871,31.3023066],[34.8303844,31.3020825],[34.8303895,31.3020768],[34.830503,31.3019445],[34.8306941,31.3017165],[34.830737,31.3016648],[34.8308088,31.3015761],[34.8309935,31.3013442],[34.8310713,31.3012448],[34.8311043,31.3012015],[34.8312825,31.3009659],[34.8313894,31.300821],[34.8315624,31.3005799],[34.8316638,31.3004348],[34.8318288,31.3001922],[34.8318642,31.3001395]],[[34.9037042,31.2954795],[34.8207686,31.1471373],[35.0227549,31.1988012],[34.9037042,31.2954795]],[[35.0277818,31.1850315],[34.8162762,31.130923],[34.8453386,31.0698527],[34.9126355,30.9992153],[34.9163599,31.001228],[34.9163691,31.001233],[34.9165955,31.0013507],[34.9168261,31.0014622],[34.9170606,31.0015675],[34.917299,31.0016662],[34.9175408,31.0017585],[34.9177859,31.0018441],[34.918034,31.001923],[34.9182848,31.0019952],[34.9185382,31.0020604],[34.9187939,31.0021188],[34.9190515,31.0021701],[34.9193109,31.0022145],[34.9195718,31.0022517],[34.919752,31.0022732],[34.9372779,31.0041964],[34.9789722,31.0520685],[34.9790812,31.0521909],[34.9792477,31.0523679],[34.9794207,31.0525403],[34.9795999,31.0527079],[34.9797852,31.0528705],[34.9799763,31.0530281],[34.9801731,31.0531803],[34.9803754,31.0533272],[34.980583,31.0534684],[34.9807957,31.053604],[34.9810132,31.0537337],[34.9812354,31.0538574],[34.981462,31.0539751],[34.9815492,31.0540182],[34.9901247,31.0581939],[34.9979185,31.0703624],[35.0277818,31.1850315]],[[34.9013183,30.9883454],[34.8378917,31.0549172],[34.773938,30.9912006],[34.7745202,30.9907506],[34.7745389,30.9907361],[34.7747324,30.9905808],[34.7749201,30.9904203],[34.7751019,30.9902548],[34.7752774,30.9900845],[34.7754467,30.9899094],[34.7756094,30.9897298],[34.7757655,30.9895459],[34.7759148,30.9893578],[34.7760571,30.9891658],[34.7761922,30.98897],[34.7763202,30.9887706],[34.7764408,30.9885678],[34.7765538,30.9883619],[34.7766593,30.988153],[34.7767571,30.9879413],[34.7768214,30.9877904],[34.78048,30.978897],[34.7959025,30.9506196],[34.7959494,30.9505319],[34.7960548,30.950323],[34.7961525,30.9501113],[34.7962424,30.949897],[34.7963244,30.9496804],[34.7963984,30.9494617],[34.7964644,30.9492411],[34.7965223,30.9490188],[34.796572,30.948795],[34.7966134,30.94857],[34.7966466,30.948344],[34.7966715,30.9481172],[34.7966881,30.9478898],[34.7966964,30.9476621],[34.7966963,30.9474343],[34.7966879,30.9472066],[34.7966711,30.9469792],[34.796646,30.9467524],[34.7966126,30.9465264],[34.796571,30.9463014],[34.7965484,30.9461952],[34.7876393,30.9060232],[34.7891539,30.9029463],[34.7971676,30.8968198],[34.7972239,30.8967763],[34.7974172,30.896621],[34.7976047,30.8964605],[34.7977862,30.8962949],[34.7979616,30.8961245],[34.7981306,30.8959495],[34.7982931,30.8957699],[34.798449,30.8955859],[34.7985981,30.8953978],[34.7987402,30.8952058],[34.7988752,30.8950099],[34.799003,30.8948105],[34.7990318,30.8947621],[34.8135252,30.8975602],[34.8338895,30.9111693],[34.8393816,30.9201352],[34.8394611,30.9202619],[34.8395928,30.9204594],[34.8397317,30.9206533],[34.8398776,30.9208432],[34.8400303,30.9210291],[34.8401898,30.9212108],[34.8403559,30.921388],[34.8405284,30.9215606],[34.8407071,30.9217284],[34.8408778,30.9218792],[34.8777622,30.9535161],[34.8928496,30.9685643],[34.9013183,30.9883454]],[[34.8132376,31.1669964],[34.8825574,31.2910146],[34.8369381,31.2704846],[34.837154,31.2697671],[34.8371996,31.2696464],[34.8372019,31.2696399],[34.8372717,31.2694449],[34.8373432,31.2692334],[34.8374061,31.2690364],[34.8374701,31.2688235],[34.8375258,31.2686252],[34.8375281,31.2686171],[34.8375822,31.2684104],[34.8376309,31.2682108],[34.8376347,31.2681952],[34.8376797,31.2679946],[34.8377213,31.2677938],[34.837726,31.2677706],[34.8377623,31.2675764],[34.8377967,31.2673746],[34.8378019,31.2673438],[34.83783,31.2671563],[34.8378573,31.2669537],[34.8378623,31.2669152],[34.8378828,31.2667345],[34.8379029,31.2665313],[34.8379072,31.2664852],[34.8379206,31.2663116],[34.8379334,31.266108],[34.8379365,31.2660542],[34.8379433,31.2658879],[34.8379489,31.265684],[34.8379502,31.2656226],[34.8379511,31.2654817],[34.837946,31.2645309],[34.8379416,31.2643288],[34.8379306,31.2641269],[34.8377702,31.2618558],[34.8377587,31.2617166],[34.8372077,31.2558239],[34.8371986,31.2557335],[34.8367418,31.2515138],[34.8365032,31.2490761],[34.8364758,31.2480529],[34.8364879,31.2478351],[34.8364959,31.2477503],[34.8365109,31.2476255],[34.8365291,31.2475009],[34.8365504,31.2473767],[34.8365749,31.2472529],[34.8366026,31.2471297],[34.8366334,31.2470069],[34.8366672,31.2468849],[34.8367043,31.2467634],[34.8367381,31.2466616],[34.8370991,31.2458471],[34.8371365,31.2457765],[34.8388386,31.242821],[34.8388481,31.2428046],[34.8389613,31.2425986],[34.8390669,31.2423896],[34.8391647,31.2421779],[34.8392261,31.2420343],[34.8393129,31.2418241],[34.8393416,31.2417534],[34.8393956,31.2416137],[34.8394748,31.2414013],[34.839503,31.2413244],[34.83955,31.2411888],[34.8396216,31.2409744],[34.8396487,31.2408913],[34.839689,31.24076],[34.8397529,31.2405439],[34.8397786,31.2404545],[34.8398127,31.2403278],[34.8398688,31.24011],[34.8398926,31.2400144],[34.8399208,31.2398925],[34.8399691,31.2396733],[34.8399906,31.2395715],[34.8400132,31.2394545],[34.8400537,31.2392342],[34.8400725,31.2391262],[34.84009,31.2390143],[34.8401225,31.238793],[34.8401382,31.2386789],[34.8401509,31.2385723],[34.8401755,31.2383502],[34.8401876,31.23823],[34.840196,31.2381288],[34.8402126,31.2379062],[34.8402207,31.2377801],[34.8402251,31.2376844],[34.8402337,31.2374615],[34.8402374,31.2373295],[34.8402384,31.2372394],[34.840239,31.2370164],[34.8402378,31.2368786],[34.8402356,31.2367943],[34.8402283,31.2365714],[34.8402219,31.236428],[34.840217,31.2363495],[34.8402016,31.2361268],[34.8401896,31.235978],[34.8401824,31.2359054],[34.8401591,31.2356832],[34.840141,31.2355291],[34.8401319,31.2354624],[34.8401007,31.235241],[34.8400761,31.2350817],[34.8400656,31.2350209],[34.8400264,31.2348004],[34.839995,31.2346363],[34.8399835,31.2345814],[34.8399365,31.2343621],[34.8398978,31.2341932],[34.8398857,31.2341443],[34.8398308,31.2339263],[34.8397846,31.233753],[34.8397723,31.23371],[34.8397097,31.2334935],[34.8396522,31.233306],[34.839589,31.2331199],[34.8395199,31.2329353],[34.8394451,31.2327524],[34.8390139,31.2317413],[34.8389392,31.2315728],[34.8388597,31.2314059],[34.8387753,31.2312407],[34.8380748,31.2299151],[34.837823,31.2293788],[34.8376956,31.229047],[34.8375886,31.2287231],[34.8366274,31.2253468],[34.8339597,31.215945],[34.8331542,31.2130597],[34.83315,31.2130447],[34.8331475,31.213036],[34.8328615,31.2120262],[34.8328109,31.2118568],[34.8327556,31.2116885],[34.8326956,31.2115214],[34.8326309,31.2113556],[34.8320851,31.2100115],[34.8319994,31.20981],[34.8319067,31.2096108],[34.8318072,31.209414],[34.8317009,31.2092198],[34.8307765,31.2075947],[34.8307621,31.2075696],[34.8306411,31.207367],[34.8305126,31.2071677],[34.8303769,31.206972],[34.8303563,31.2069435],[34.829747,31.2061044],[34.8296157,31.2059292],[34.8294785,31.2057573],[34.8293356,31.205589],[34.828177,31.2042641],[34.8272282,31.2031485],[34.8271689,31.2030795],[34.8254744,31.2011358],[34.8246568,31.2001746],[34.8245735,31.2000784],[34.8245062,31.200003],[34.8233204,31.1986927],[34.8232026,31.1985656],[34.8230816,31.1984408],[34.8229573,31.1983184],[34.8220634,31.1974575],[34.8218861,31.197292],[34.8217029,31.1971314],[34.8209296,31.196474],[34.8207527,31.196328],[34.820571,31.1961866],[34.8193314,31.1952494],[34.819152,31.1951175],[34.8189683,31.1949901],[34.8187805,31.1948671],[34.8180405,31.1943964],[34.8164763,31.1932962],[34.8157659,31.1926841],[34.8154027,31.1922786],[34.8148094,31.1913428],[34.8143534,31.1902759],[34.8143193,31.1901974],[34.8142552,31.1900572],[34.8138645,31.1892273],[34.8138304,31.1891559],[34.8137245,31.1889471],[34.813611,31.1887412],[34.81349,31.1885386],[34.8133616,31.1883393],[34.8132645,31.1881978],[34.8131345,31.1880131],[34.8132376,31.1669964]],[[34.8197169,31.2700345],[34.7939814,31.2787787],[34.7700969,31.2538864],[34.7699809,31.253768],[34.7698047,31.2535977],[34.7696224,31.2534322],[34.7694341,31.2532718],[34.76924,31.2531166],[34.7690403,31.2529667],[34.7688352,31.2528223],[34.7686249,31.2526835],[34.7684096,31.2525505],[34.7681895,31.2524234],[34.7679648,31.2523024],[34.7677359,31.2521875],[34.7675028,31.2520788],[34.7672658,31.2519766],[34.7670252,31.2518808],[34.7667812,31.2517916],[34.766534,31.251709],[34.766284,31.2516332],[34.7660312,31.2515643],[34.7657761,31.2515022],[34.7655188,31.251447],[34.7652596,31.2513989],[34.7649988,31.2513578],[34.7647365,31.2513238],[34.7644732,31.2512969],[34.764209,31.2512772],[34.7639443,31.2512647],[34.7636791,31.2512593],[34.763414,31.2512612],[34.763149,31.2512702],[34.7628845,31.2512864],[34.7626207,31.2513098],[34.7623579,31.2513403],[34.7620964,31.2513779],[34.7618363,31.2514226],[34.7615781,31.2514744],[34.7613219,31.2515331],[34.7610679,31.2515987],[34.7608165,31.2516712],[34.7605679,31.2517505],[34.7603223,31.2518364],[34.76008,31.251929],[34.7598413,31.2520281],[34.7596062,31.2521337],[34.7593752,31.2522455],[34.7591484,31.2523636],[34.7589261,31.2524877],[34.7587084,31.2526179],[34.7584956,31.2527538],[34.7583194,31.2528734],[34.7225727,31.2777994],[34.7078049,31.2683028],[34.7603074,31.2311524],[34.8027191,31.2017737],[34.8027912,31.2018541],[34.8028302,31.2018974],[34.8029968,31.2020746],[34.8031697,31.2022472],[34.8033489,31.2024151],[34.8035006,31.2025492],[34.8048904,31.2037467],[34.8050413,31.2038734],[34.8051958,31.2039969],[34.8053539,31.204117],[34.8055155,31.2042336],[34.8075666,31.2056764],[34.8077722,31.2058166],[34.8078896,31.2058926],[34.8085093,31.2062868],[34.8092987,31.2068836],[34.8097116,31.2072345],[34.8102422,31.2077457],[34.811177,31.2087787],[34.8119496,31.2096871],[34.8119538,31.209692],[34.8120081,31.209755],[34.813702,31.2116984],[34.8146543,31.2128185],[34.8146594,31.2128245],[34.8147213,31.2128961],[34.8156951,31.2140098],[34.815882,31.2142672],[34.8163962,31.2151714],[34.8166429,31.2157794],[34.8168292,31.2164373],[34.8176345,31.2193239],[34.8176418,31.2193499],[34.8203125,31.2287678],[34.820314,31.2287729],[34.8213118,31.2322797],[34.8213394,31.2323741],[34.8213901,31.2325347],[34.8215873,31.2331321],[34.8216375,31.2332783],[34.8216913,31.2334235],[34.8219592,31.2341217],[34.8220178,31.2342688],[34.82208,31.2344148],[34.8221458,31.2345597],[34.8225664,31.2354559],[34.8226571,31.2356417],[34.8227081,31.2357403],[34.8233528,31.2369604],[34.8234044,31.2370816],[34.8220221,31.2394809],[34.8219551,31.2395999],[34.8219044,31.239694],[34.8217006,31.2400788],[34.821595,31.2402869],[34.821497,31.2404978],[34.8209432,31.2417468],[34.8208812,31.2418912],[34.8208228,31.2420367],[34.820768,31.2421833],[34.8206705,31.2424542],[34.8206305,31.2425686],[34.8206181,31.2426056],[34.8205275,31.2428782],[34.8204789,31.2430307],[34.8203953,31.2433049],[34.8203861,31.2433352],[34.8203506,31.2434582],[34.820274,31.243734],[34.8202475,31.2438325],[34.8202333,31.2438881],[34.8201637,31.2441653],[34.8201269,31.24432],[34.8200644,31.2445984],[34.8200615,31.2446112],[34.8200315,31.2447539],[34.8199761,31.2450334],[34.8199605,31.2451151],[34.8199473,31.2451895],[34.819899,31.24547],[34.8198749,31.2456211],[34.8198741,31.2456265],[34.819833,31.2459079],[34.8198121,31.2460648],[34.8197782,31.2463469],[34.8197708,31.246411],[34.8197613,31.2465042],[34.8197346,31.2467868],[34.8197234,31.2469207],[34.8197166,31.2470252],[34.8196836,31.2476176],[34.8196764,31.2477878],[34.8196739,31.247958],[34.8196761,31.2481283],[34.819716,31.2496266],[34.8197257,31.2498462],[34.8197432,31.2500654],[34.8200059,31.2527539],[34.8200124,31.2528172],[34.820467,31.2570235],[34.8210061,31.2627996],[34.821147,31.2647984],[34.82115,31.2653711],[34.8211452,31.2653833],[34.8210792,31.2655565],[34.8210183,31.2657312],[34.8209626,31.2659071],[34.8199035,31.2694256],[34.8197169,31.2700345]],[[34.6750635,31.2652685],[34.7121987,31.2891575],[34.6988075,31.3128953],[34.6750635,31.2652685]],[[34.7984182,31.2927907],[34.8171815,31.2864162],[34.8173361,31.2876696],[34.8173463,31.2877482],[34.8176747,31.2901575],[34.8176854,31.2902327],[34.817708,31.2903737],[34.8177403,31.2905617],[34.8177552,31.2906649],[34.8177671,31.2907683],[34.8177762,31.290872],[34.8177824,31.2909758],[34.8177857,31.2910797],[34.8177861,31.2911836],[34.8177837,31.2912875],[34.8177783,31.2913914],[34.8177701,31.2914951],[34.8177589,31.2915986],[34.8177449,31.2917019],[34.8177281,31.2918047],[34.8177084,31.2919073],[34.8176858,31.2920094],[34.8176604,31.292111],[34.8176322,31.2922122],[34.8176012,31.2923126],[34.8175673,31.2924124],[34.8175308,31.2925115],[34.8174944,31.2926024],[34.8174435,31.2926969],[34.8173872,31.2927951],[34.8173282,31.292892],[34.8172666,31.2929878],[34.8172024,31.2930822],[34.8171355,31.2931753],[34.8170661,31.2932671],[34.8169942,31.2933573],[34.8169197,31.2934462],[34.8168429,31.2935334],[34.8167637,31.293619],[34.8166821,31.2937031],[34.8165982,31.2937854],[34.8165121,31.293866],[34.8164237,31.2939448],[34.8163332,31.2940217],[34.8162406,31.2940968],[34.8161419,31.2941731],[34.8160946,31.2942081],[34.8160599,31.2942324],[34.8160245,31.2942559],[34.8159883,31.2942785],[34.8159515,31.2943003],[34.815914,31.2943213],[34.8158758,31.2943414],[34.8158371,31.2943606],[34.8158069,31.2943747],[34.8130604,31.2953328],[34.7978488,31.3004452],[34.7973792,31.3006004],[34.7983167,31.2931185],[34.7984182,31.2927907]],[[34.7462274,31.2798966],[34.7624351,31.2685931],[34.7734584,31.2800835],[34.7462274,31.2798966]],[[34.7790724,30.8592748],[34.6948979,30.7886515],[34.7843738,30.808264],[34.7790724,30.8592748]],[[35.1035093,31.2099731],[35.2310478,31.2242419],[35.2075138,31.24591],[35.1035093,31.2099731]],[[35.2896773,31.8229242],[35.3171982,31.8140364],[35.3196323,31.8401231],[35.2896773,31.8229242]],[[35.3366915,31.8412534],[35.3341185,31.8137327],[35.368295,31.8222019],[35.3366915,31.8412534]],[[34.9014002,32.4448775],[34.9005535,32.4468866],[34.87346,32.4274149],[34.8477048,32.3361817],[34.8965175,32.3310967],[34.8989568,32.3475943],[34.8990626,32.3558697],[34.8990668,32.3560332],[34.8990801,32.3562607],[34.8991017,32.3564877],[34.8991319,32.3567141],[34.8991404,32.3567685],[34.8999882,32.3620322],[34.9003847,32.3660149],[34.899631,32.3738318],[34.8969431,32.3835619],[34.8955926,32.3868992],[34.8947767,32.3886174],[34.8947575,32.3886581],[34.8946627,32.3888712],[34.8945758,32.3890867],[34.894497,32.3893044],[34.8944263,32.3895242],[34.8943638,32.3897457],[34.8943096,32.3899688],[34.8942637,32.3901932],[34.8942262,32.3904187],[34.8941971,32.3906451],[34.8941765,32.3908722],[34.8941643,32.3910998],[34.8941612,32.3912244],[34.894011,32.4015259],[34.8938759,32.4052816],[34.8938757,32.4052878],[34.893872,32.4055156],[34.8938768,32.4057433],[34.89389,32.4059708],[34.8939117,32.4061978],[34.8939418,32.4064242],[34.8939803,32.4066496],[34.8939958,32.4067283],[34.8946335,32.4098633],[34.894665,32.4100088],[34.8947202,32.4102317],[34.8947837,32.410453],[34.8948554,32.4106725],[34.8949352,32.41089],[34.8950231,32.4111052],[34.895119,32.411318],[34.8952227,32.4115281],[34.895311,32.4116935],[34.8953813,32.4118211],[34.896071,32.4158127],[34.8961076,32.4160062],[34.8961504,32.4161988],[34.9005949,32.4348057],[34.9017918,32.4416008],[34.9019009,32.4429782],[34.9014002,32.4448775]],[[34.9045572,32.4686725],[34.9093733,32.4866356],[34.8914234,32.4886659],[34.8804658,32.451365],[34.9045572,32.4686725]],[[34.9475543,32.4823083],[34.9393304,32.475943],[34.967705,32.4800197],[34.9475543,32.4823083]],[[35.1821958,32.577354],[35.1765479,32.6454617],[35.1487107,32.6109382],[35.1486058,32.6108111],[35.148446,32.6106278],[35.1482795,32.610449],[35.1481063,32.6102747],[35.1479268,32.610105],[35.147741,32.6099403],[35.1475491,32.6097806],[35.1473514,32.6096262],[35.147148,32.609477],[35.1469392,32.6093334],[35.1467251,32.6091955],[35.146506,32.6090633],[35.1462821,32.6089371],[35.1460536,32.6088169],[35.1458206,32.6087028],[35.1455836,32.6085951],[35.1453427,32.6084937],[35.1450981,32.6083988],[35.1448501,32.6083105],[35.1445967,32.6082282],[35.0878364,32.59066],[34.96396,32.4950021],[35.0242773,32.4881342],[35.0385556,32.490253],[35.0436946,32.493708],[35.0467444,32.4957748],[35.0467694,32.4957917],[35.0509393,32.4985955],[35.0510669,32.4986796],[35.0511299,32.49872],[35.0547134,32.5009924],[35.0548667,32.5010873],[35.0550367,32.5011876],[35.0578692,32.5028148],[35.057903,32.5028341],[35.0619051,32.5051094],[35.0619225,32.5051192],[35.0621484,32.5052426],[35.0623788,32.5053599],[35.0626134,32.505471],[35.0627174,32.5055177],[35.0630007,32.5056426],[35.0631353,32.5057007],[35.0631787,32.5057189],[35.0634653,32.5058382],[35.0636455,32.5059109],[35.0639353,32.5060245],[35.0639542,32.5060318],[35.0641174,32.5060936],[35.0644103,32.5062013],[35.0644931,32.5062313],[35.0645943,32.5062668],[35.0648901,32.5063687],[35.0650382,32.5064184],[35.0650758,32.5064306],[35.0653744,32.5065266],[35.0655617,32.5065847],[35.0658629,32.5066747],[35.0658901,32.5066829],[35.0660518,32.5067291],[35.0663553,32.5068132],[35.0664488,32.5068385],[35.0665457,32.5068638],[35.0668515,32.5069418],[35.0670122,32.5069813],[35.0670432,32.5069886],[35.0673094,32.5070507],[35.07129,32.5080171],[35.0714929,32.5080641],[35.0716971,32.5081068],[35.0719025,32.5081452],[35.0729219,32.5083247],[35.0731373,32.5083601],[35.0733537,32.5083909],[35.073571,32.5084169],[35.073789,32.5084382],[35.0748362,32.5085288],[35.0749937,32.5085411],[35.0750751,32.5085466],[35.0769989,32.5086667],[35.077826,32.5087241],[35.0799017,32.5089661],[35.0815426,32.5091633],[35.0817417,32.5091885],[35.0817953,32.5092142],[35.0818837,32.5092592],[35.0819267,32.5092823],[35.082074,32.5093852],[35.082115,32.5094136],[35.082306,32.5095414],[35.0824926,32.5096628],[35.0825128,32.5096758],[35.0827299,32.5098116],[35.0829223,32.5099278],[35.0831418,32.5100561],[35.0831665,32.51007],[35.0833626,32.5101801],[35.0835639,32.5102895],[35.0836125,32.510315],[35.0838131,32.5104192],[35.0839948,32.510511],[35.0840683,32.5105466],[35.084273,32.5106448],[35.0844342,32.5107202],[35.0845334,32.5107647],[35.084742,32.5108568],[35.0848815,32.510917],[35.0850071,32.5109689],[35.0852194,32.5110548],[35.0853362,32.5111012],[35.085489,32.5111591],[35.0857046,32.5112386],[35.0857979,32.5112725],[35.0859783,32.5113349],[35.0861971,32.511408],[35.086266,32.5114308],[35.0864746,32.5114961],[35.0866963,32.5115628],[35.0867401,32.5115758],[35.0869772,32.5116426],[35.0872015,32.5117027],[35.0873432,32.5117395],[35.0874856,32.5117743],[35.0877122,32.5118277],[35.0879638,32.5118835],[35.087999,32.5118908],[35.0882276,32.5119375],[35.0884195,32.5119747],[35.0886123,32.5120082],[35.088806,32.5120379],[35.0970553,32.5132178],[35.0970876,32.5132224],[35.1015895,32.513851],[35.1016887,32.5138643],[35.1020828,32.5139153],[35.1024017,32.5139615],[35.1027196,32.5140124],[35.1030362,32.514068],[35.1033518,32.5141284],[35.103666,32.5141935],[35.1039789,32.5142633],[35.1042901,32.5143378],[35.1045999,32.5144169],[35.1049078,32.5145006],[35.1052141,32.514589],[35.1055184,32.5146818],[35.1058208,32.5147793],[35.1061211,32.5148812],[35.1064192,32.5149877],[35.1067149,32.5150985],[35.1070084,32.5152138],[35.1072995,32.5153335],[35.107588,32.5154574],[35.1078738,32.5155857],[35.108157,32.5157183],[35.1084373,32.515855],[35.1087148,32.515996],[35.1089892,32.516141],[35.1092606,32.5162902],[35.1095289,32.5164434],[35.1097939,32.5166005],[35.1100555,32.5167616],[35.1101962,32.5168515],[35.1121663,32.5182526],[35.1121778,32.5182608],[35.1131541,32.5189526],[35.1136196,32.5195658],[35.1136441,32.5196009],[35.1136715,32.5196398],[35.113813,32.5198325],[35.1139246,32.5199793],[35.114074,32.5201691],[35.1141034,32.5202049],[35.1142212,32.5203477],[35.1143479,32.5204973],[35.1144101,32.5205678],[35.1145342,32.5207068],[35.114635,32.5208174],[35.1147329,32.5209207],[35.114863,32.5210556],[35.1149348,32.5211289],[35.1150711,32.521263],[35.1152072,32.5213936],[35.1152471,32.5214316],[35.1154243,32.5215942],[35.1155661,32.5217204],[35.115678,32.5218181],[35.115792,32.5219139],[35.1159393,32.5220355],[35.1161018,32.522166],[35.1161737,32.5222216],[35.1163263,32.5223384],[35.1164548,32.5224347],[35.1165688,32.5225169],[35.1167265,32.5226287],[35.1168184,32.5226929],[35.1169768,32.5227994],[35.1171394,32.5229061],[35.1171922,32.5229405],[35.117397,32.5230686],[35.1175643,32.52317],[35.1175758,32.523177],[35.1177971,32.5233063],[35.1180232,32.5234296],[35.1182536,32.5235468],[35.1184884,32.5236578],[35.1184952,32.5236609],[35.1187963,32.5237977],[35.1189817,32.5238795],[35.1192868,32.52401],[35.1193333,32.5240298],[35.1194745,32.5240879],[35.1197832,32.5242121],[35.1198845,32.5242521],[35.1199731,32.524286],[35.1202853,32.5244037],[35.1204083,32.5244488],[35.120578,32.5246882],[35.1207195,32.5248807],[35.1211031,32.5253851],[35.1212055,32.5255165],[35.1213113,32.525646],[35.1214203,32.5257735],[35.1215304,32.5258993],[35.1216815,32.5260668],[35.1217583,32.5261482],[35.1218747,32.5262697],[35.1219676,32.526365],[35.1221152,32.5265099],[35.1222378,32.5266271],[35.1223626,32.5267438],[35.1224904,32.5268582],[35.1226189,32.5269707],[35.1227659,32.5270962],[35.1228832,32.5271922],[35.1230174,32.5272998],[35.1230946,32.527361],[35.1232929,32.5275114],[35.1234335,32.5276147],[35.1236404,32.5277619],[35.1237187,32.5278151],[35.1238634,32.5279124],[35.1239964,32.528],[35.1241596,32.5281028],[35.1243093,32.5281946],[35.124461,32.5282857],[35.1246151,32.5283739],[35.1247693,32.5284601],[35.124964,32.5285658],[35.125084,32.5286279],[35.1252425,32.5287083],[35.125353,32.5287635],[35.1255655,32.5288642],[35.125728,32.5289388],[35.1258925,32.5290122],[35.1260588,32.5290826],[35.126225,32.529151],[35.1263978,32.5292202],[35.1265629,32.5292825],[35.1267325,32.5293447],[35.1269039,32.5294058],[35.1270768,32.5294636],[35.1272495,32.5295195],[35.1274879,32.5295933],[35.1275996,32.5296255],[35.1277749,32.5296749],[35.1279185,32.5297142],[35.1281302,32.5297679],[35.1283079,32.5298108],[35.1284872,32.5298523],[35.1286676,32.5298905],[35.1288473,32.5299268],[35.1290747,32.52997],[35.1293034,32.5300078],[35.1295332,32.5300404],[35.129764,32.5300676],[35.1307467,32.5301718],[35.1308051,32.5301778],[35.1317886,32.5302762],[35.1318178,32.5302791],[35.131847,32.5302819],[35.1322525,32.5303204],[35.1322774,32.5303296],[35.1323007,32.5303389],[35.1323237,32.5303487],[35.1323464,32.5303591],[35.1323687,32.5303701],[35.1324929,32.5304349],[35.1325345,32.5304565],[35.1326983,32.530541],[35.1327697,32.5305799],[35.1328399,32.5306203],[35.1329088,32.5306622],[35.1329765,32.5307056],[35.133043,32.5307504],[35.1330565,32.53076],[35.13815,32.5351082],[35.1393299,32.5361321],[35.1398427,32.536627],[35.1402029,32.5370272],[35.1405517,32.5375249],[35.1406799,32.537702],[35.1408141,32.5378759],[35.140988,32.5380943],[35.1410401,32.5381589],[35.1411103,32.5382438],[35.1412907,32.5384584],[35.1413767,32.5385589],[35.1414174,32.5386053],[35.1416041,32.538816],[35.1417264,32.5389507],[35.1417352,32.5389601],[35.1419281,32.5391668],[35.1420633,32.539308],[35.1422623,32.5395105],[35.142288,32.5395365],[35.1424018,32.5396488],[35.1426068,32.539847],[35.1427381,32.539971],[35.1428728,32.5400925],[35.1430108,32.5402113],[35.1451695,32.5420274],[35.1459879,32.5427713],[35.1464498,32.543241],[35.1471146,32.5439744],[35.1472507,32.5441207],[35.1473913,32.5442639],[35.1475362,32.544404],[35.1481432,32.544976],[35.1482986,32.5451185],[35.1484584,32.5452574],[35.1486226,32.5453926],[35.1487911,32.5455241],[35.1511149,32.5472891],[35.1523383,32.5482246],[35.152355,32.5482379],[35.1523912,32.5482823],[35.1527161,32.5486881],[35.1530451,32.5491227],[35.1532149,32.5493772],[35.1537243,32.5502344],[35.1543007,32.5513704],[35.1543312,32.5514297],[35.1543613,32.5514869],[35.1546734,32.5520731],[35.1547602,32.552231],[35.1548514,32.5523871],[35.1549471,32.5525412],[35.1550472,32.5526934],[35.1551751,32.5528825],[35.1552657,32.5530133],[35.1553022,32.5530642],[35.1554366,32.5532501],[35.1555423,32.5533925],[35.1555699,32.5534286],[35.1557107,32.553611],[35.1558323,32.5537643],[35.1558502,32.5537862],[35.1559972,32.553965],[35.1561356,32.5541285],[35.1561426,32.5541365],[35.1562957,32.5543117],[35.156447,32.5544796],[35.1566061,32.5546509],[35.1566109,32.554656],[35.1567632,32.554815],[35.1568776,32.554931],[35.1574467,32.5555302],[35.158401,32.5569814],[35.1584074,32.5569912],[35.1585368,32.5571803],[35.1586364,32.557321],[35.1586419,32.5573289],[35.158736,32.5574583],[35.1588405,32.5575987],[35.1588886,32.5576626],[35.1590149,32.5578237],[35.1591255,32.5579607],[35.1592164,32.5580711],[35.1593097,32.55818],[35.1594262,32.5583134],[35.1595845,32.5584889],[35.15962,32.5585268],[35.1597424,32.5586565],[35.1598766,32.5587951],[35.1599453,32.5588635],[35.1600733,32.5589892],[35.1601809,32.5590928],[35.1602853,32.5591897],[35.1604188,32.5593113],[35.160497,32.5593816],[35.1606394,32.5595049],[35.1607781,32.5596222],[35.1608244,32.5596611],[35.1610071,32.5598088],[35.1611509,32.5599216],[35.1611629,32.559931],[35.1612946,32.5600307],[35.1613035,32.5600446],[35.1613968,32.5601856],[35.1614937,32.5603248],[35.1615942,32.5604621],[35.161654,32.5605417],[35.1617582,32.5606771],[35.161866,32.5608105],[35.1619772,32.5609418],[35.1620432,32.5610178],[35.1621579,32.561147],[35.162276,32.5612739],[35.1623974,32.5613986],[35.1624693,32.5614708],[35.162594,32.5615931],[35.1627219,32.5617131],[35.1628529,32.5618306],[35.1628799,32.5618542],[35.1629057,32.5619774],[35.1629287,32.5620791],[35.1629817,32.5622956],[35.1630425,32.5625107],[35.1630728,32.562611],[35.1631413,32.5628245],[35.1632176,32.563036],[35.1632551,32.5631345],[35.1633389,32.563344],[35.1634303,32.5635511],[35.1634749,32.5636475],[35.1635738,32.5638523],[35.16368,32.5640544],[35.1637315,32.5641483],[35.163845,32.5643474],[35.1639656,32.5645436],[35.1640237,32.5646346],[35.1640817,32.5647239],[35.1641416,32.5648131],[35.1642346,32.5649495],[35.1643097,32.5650573],[35.1644061,32.5651899],[35.1645054,32.5653231],[35.1645511,32.5653838],[35.1646878,32.5655577],[35.1647931,32.5656875],[35.1648883,32.5658025],[35.1649862,32.5659159],[35.1650974,32.5660421],[35.1652364,32.5661956],[35.1653008,32.566264],[35.1654177,32.5663865],[35.1655231,32.5664947],[35.1656312,32.5666015],[35.1657537,32.56672],[35.1658219,32.5667852],[35.1659769,32.5669278],[35.1661047,32.5670422],[35.1662199,32.5671433],[35.1663373,32.5672424],[35.1664703,32.5673525],[35.1666488,32.5674961],[35.1667119,32.567545],[35.1668498,32.5676506],[35.1669872,32.5677536],[35.1671002,32.567835],[35.1672429,32.567936],[35.1673359,32.5680009],[35.1675014,32.5681119],[35.1676486,32.5682081],[35.1676946,32.5682379],[35.1679132,32.5683742],[35.1680667,32.5684667],[35.1682743,32.5685879],[35.1684861,32.5687039],[35.1687018,32.5688144],[35.1689498,32.5689374],[35.168989,32.5689567],[35.1691175,32.5690183],[35.1693688,32.5691365],[35.1694752,32.5691857],[35.1695385,32.5692142],[35.1697929,32.5693275],[35.1699647,32.569402],[35.1702239,32.5695111],[35.1703958,32.5695815],[35.170656,32.5696849],[35.1707314,32.5697145],[35.1708233,32.5698139],[35.1714849,32.5705855],[35.1716126,32.5707306],[35.1717446,32.5708729],[35.1718954,32.5710314],[35.1720095,32.5711487],[35.1720823,32.5712211],[35.1722395,32.5713751],[35.1723429,32.5714747],[35.1724339,32.5715592],[35.1725971,32.5717086],[35.1726889,32.5717913],[35.1727989,32.571887],[35.1729682,32.5720316],[35.1730469,32.572098],[35.173177,32.572204],[35.173352,32.5723436],[35.1734166,32.5723947],[35.1735677,32.5725099],[35.1737482,32.5726443],[35.1737977,32.5726809],[35.1739705,32.5728043],[35.1741564,32.5729334],[35.1741896,32.5729563],[35.174385,32.5730868],[35.174576,32.5732104],[35.174592,32.5732207],[35.1747281,32.5733067],[35.1782331,32.575473],[35.1783135,32.5755221],[35.1784014,32.5755744],[35.1789647,32.5759051],[35.1789941,32.5759223],[35.1791655,32.576022],[35.1792697,32.5760817],[35.1794029,32.5761553],[35.1795781,32.5762501],[35.1796711,32.5762997],[35.1798209,32.5763766],[35.1799997,32.5764664],[35.1800807,32.5765065],[35.1802472,32.5765859],[35.1804295,32.5766706],[35.1804979,32.5767021],[35.1806816,32.5767831],[35.1808671,32.5768626],[35.1809225,32.576886],[35.1811235,32.5769678],[35.1813121,32.577042],[35.1813538,32.5770583],[35.1815725,32.57714],[35.1817639,32.5772087],[35.1817915,32.5772186],[35.1820281,32.5772993],[35.1821958,32.577354]],[[35.0766459,32.6015457],[35.1115453,32.6517186],[35.1115831,32.6517723],[35.1117253,32.6519657],[35.1118747,32.6521551],[35.112031,32.6523405],[35.1121943,32.6525216],[35.1123641,32.6526983],[35.1125405,32.6528703],[35.1127233,32.6530375],[35.1129121,32.6531998],[35.113107,32.653357],[35.1133076,32.6535088],[35.1135138,32.6536553],[35.1137253,32.6537961],[35.113942,32.6539313],[35.1141636,32.6540605],[35.11439,32.6541838],[35.1146208,32.654301],[35.1148559,32.654412],[35.115095,32.6545166],[35.1153379,32.6546148],[35.1155843,32.6547065],[35.1158341,32.6547915],[35.1160869,32.6548698],[35.1161349,32.6548838],[35.1668082,32.6695214],[35.0791632,32.7359401],[34.9543186,32.5889255],[34.9301077,32.4988435],[34.9419408,32.4975018],[35.0766459,32.6015457]],[[34.9131626,32.5007629],[34.9244722,32.5428979],[34.8984089,32.5024321],[34.9131626,32.5007629]],[[34.965685,32.6270835],[35.0678962,32.7474085],[35.036145,32.803341],[34.97839,32.8340385],[34.9641279,32.8348459],[34.9512898,32.8228882],[34.9518759,32.7962481],[34.9518766,32.7962087],[34.9518759,32.7959809],[34.9518667,32.7957533],[34.9518489,32.7955261],[34.9518227,32.7952994],[34.9518083,32.7951985],[34.9458335,32.755737],[34.9776823,32.7185993],[34.9777529,32.7185158],[34.9779043,32.7183274],[34.9780487,32.7181351],[34.9781858,32.7179391],[34.9783155,32.7177395],[34.9784377,32.7175365],[34.9785522,32.7173303],[34.978659,32.7171212],[34.9787579,32.7169094],[34.9788489,32.716695],[34.9789318,32.7164783],[34.9790066,32.7162595],[34.9790732,32.7160389],[34.9791315,32.7158165],[34.9791814,32.7155927],[34.979223,32.7153677],[34.9792562,32.7151417],[34.9792809,32.7149149],[34.9792971,32.7146875],[34.9793048,32.7144599],[34.9793041,32.7142321],[34.9792948,32.7140045],[34.979277,32.7137773],[34.9792507,32.7135506],[34.9792313,32.7134172],[34.965685,32.6270835]],[[34.9958508,32.8418087],[35.0365028,32.8202004],[35.0432448,32.8537111],[35.0432828,32.8538865],[35.0433387,32.8541093],[35.043403,32.8543305],[35.0434754,32.8545499],[35.0435561,32.8547672],[35.0436452,32.8549832],[35.0552811,32.8817823],[34.9958508,32.8418087]],[[35.0599634,32.8506416],[35.0553133,32.8275534],[35.0806607,32.8467895],[35.0857314,32.8977475],[35.0767474,32.8892754],[35.0599634,32.8506416]],[[35.0946029,32.8379706],[35.0887149,32.8335042],[35.1243095,32.8468713],[35.1244676,32.846929],[35.1247179,32.847014],[35.1249712,32.8470923],[35.1252274,32.8471637],[35.1254861,32.8472284],[35.1257471,32.8472861],[35.1260101,32.8473368],[35.1262749,32.8473805],[35.1265411,32.8474171],[35.1268087,32.8474465],[35.1270771,32.8474689],[35.1273463,32.8474841],[35.127616,32.847492],[35.1278857,32.8474929],[35.1281554,32.8474865],[35.1284247,32.8474729],[35.1286934,32.8474522],[35.1289611,32.8474243],[35.1292277,32.8473893],[35.1294929,32.8473472],[35.1297563,32.847298],[35.1300178,32.8472419],[35.130277,32.8471788],[35.1305337,32.8471088],[35.1307877,32.8470321],[35.1310387,32.8469486],[35.1312865,32.8468584],[35.1315307,32.8467618],[35.1317712,32.8466586],[35.1320078,32.8465491],[35.1322401,32.8464333],[35.132468,32.8463114],[35.1326912,32.8461835],[35.1329095,32.8460497],[35.1331227,32.8459102],[35.1333306,32.845765],[35.1335329,32.8456144],[35.1337295,32.8454584],[35.1339202,32.8452973],[35.1341047,32.8451312],[35.134283,32.8449603],[35.1344547,32.8447847],[35.1346199,32.8446046],[35.1347782,32.8444202],[35.1349295,32.8442316],[35.1350737,32.8440392],[35.1352106,32.8438429],[35.1353401,32.8436432],[35.1354621,32.84344],[35.1355764,32.8432338],[35.1356829,32.8430246],[35.1357816,32.8428126],[35.1358723,32.8425981],[35.1359549,32.8423813],[35.1360294,32.8421625],[35.1360957,32.8419417],[35.1361537,32.8417193],[35.1362033,32.8414955],[35.1362445,32.8412704],[35.1362773,32.8410444],[35.1363016,32.8408176],[35.1363174,32.8405902],[35.1363248,32.8403626],[35.1363236,32.8401348],[35.1363139,32.8399073],[35.1362956,32.8396801],[35.1362689,32.8394534],[35.1362338,32.8392277],[35.1361902,32.8390029],[35.1361382,32.8387795],[35.1360779,32.8385575],[35.1360093,32.8383372],[35.1359325,32.8381189],[35.1358476,32.8379028],[35.1357547,32.837689],[35.1356538,32.8374778],[35.1355451,32.8372694],[35.1354286,32.837064],[35.1353045,32.8368618],[35.1351729,32.836663],[35.135034,32.8364678],[35.1348878,32.8362764],[35.1347345,32.836089],[35.1345743,32.8359058],[35.1344073,32.8357269],[35.1342337,32.8355526],[35.1340537,32.835383],[35.1338674,32.8352183],[35.1336751,32.8350586],[35.1334769,32.8349041],[35.133273,32.834755],[35.1330637,32.8346114],[35.1328491,32.8344734],[35.1326294,32.8343413],[35.1324049,32.834215],[35.1321758,32.8340948],[35.1319423,32.8339808],[35.1317047,32.833873],[35.1314631,32.8337717],[35.131252,32.8336895],[35.1088371,32.8252736],[35.1310561,32.8285003],[35.1311795,32.8285174],[35.1454278,32.8304034],[35.1738949,32.8857097],[35.1728922,32.9053524],[35.1041902,32.9107585],[35.0974068,32.8427319],[35.0973808,32.8425116],[35.0973458,32.8422858],[35.0973023,32.8420611],[35.0972504,32.8418376],[35.0971902,32.8416156],[35.0971217,32.8413953],[35.097045,32.841177],[35.0969602,32.8409608],[35.0968674,32.840747],[35.0967666,32.8405357],[35.0966579,32.8403273],[35.0965415,32.8401218],[35.0964175,32.8399196],[35.096286,32.8397207],[35.0961471,32.8395255],[35.096001,32.8393341],[35.0958478,32.8391466],[35.0956876,32.8389634],[35.0955207,32.8387844],[35.0953472,32.8386101],[35.0951673,32.8384404],[35.0949811,32.8382756],[35.0947888,32.8381159],[35.0946029,32.8379706]],[[35.2638818,32.8538168],[35.1566343,32.8178891],[35.0971293,32.7554809],[35.2305197,32.7661895],[35.3845312,32.8475384],[35.2638818,32.8538168]],[[35.0796234,32.7601106],[35.1308213,32.8138287],[35.0553682,32.8028518],[35.0796234,32.7601106]],[[35.0979861,32.741058],[35.1803977,32.6785905],[35.2194307,32.7508151],[35.0979861,32.741058]],[[35.1246362,32.6420962],[35.1027463,32.6106395],[35.1361719,32.6209821],[35.1618648,32.6528515],[35.1246362,32.6420962]],[[35.1931525,32.6513593],[35.1987952,32.5831635],[35.2647644,32.6055578],[35.1931525,32.6513593]]]},"properties":{"Shape_Leng":"4844185.94296","Shape_Area":"4210358379.62","YEARMONTH":"202512","source":"משרד התחבורה — מאגר נתיבי טיסה"}}]}
